,end,id,start,text,catma_displaycolor,catma_markupauthor,catma_markuptimestamp,tag_type,tag_type_id,Belegung,Geschlecht__Beschuldigter_,Art,Anzahl__Beschuldigte_,Geschlecht_Beschuldigter,ID__Beschuldigte_,Rolle__Beschuldigte_,Alter__Betroffene_,Anzahl__Betroffene_,Geschlecht__Betroffene_,ID__Betroffene_,Bestimmung_Umfeld,text_name,Primary_class,Secondary_class
0,267,no_annotation_0,0,"#######################

Seite 15

15 1. Einleitung Zu beachten ist dabei, dass Missbrauchsfälle oft erst Jahrzehnte später gemeldet  werden. Es ist deshalb möglich, dass ein beträchtlicher Teil der Fälle nach der  Jahrtausendwende bislang noch nicht gemeldet wurden.",,,,,,,,,,,,,,,,,,Schweiz,,
1,1222,CATMA_B00B7853-3C63-463F-99CC-4208CE24B51C,267," Insgesamt wurden 510 Beschuldigte und 921 Betroffene identifiziert. 149 be­ schuldigten Personen konnten zwei oder mehr Betroffene zugeordnet werden,  während bei 361 Beschuldigten der sexuelle Missbrauch an einer Person nach­ weisbar war. In 39 % der Fälle war die betroffene Person weiblichen Geschlechts,  in knapp 56 % der Fälle männlich und in 5 % der Fälle war das Geschlecht auf­ grund der Quellen nicht eindeutig feststellbar. Die Beschuldigten waren bis auf  wenige Ausnahmen Männer.6 Von den Akten, die während des Pilotprojektes  ausgewertet wurden, zeugten 74 % von sexuellem Missbrauch an Minderjähri­ gen, wobei das gesamte Altersspektrum vertreten war: von Missbrauch an Säug­ lingen und vorpubertären Kindern bis hin zu postpubertären jungen Erwachse­ nen. 14 % der Missbräuche betrafen erwachsene Personen und in 12 % der Fälle  war das Alter nicht eindeutig feststellbar. Mindestens jeder siebte Fall betraf  also eine erwachsene Person",-11700002,Mhuerten,2025-07-15T15:57:44.808+0200,Statistik,CATMA_3559CA23-2F8B-4EC2-B0C0-5E20EB44151B,,,,,,,,,,,,,Schweiz,Metaanalyse,
2,277,S-1,268,Insgesamt,-399266,Mhuerten,2025-07-10T14:58:58.580+0200,Start,CATMA_7C23CC13-B5FE-4F69-AAB7-935F31D614C3,,,,,,,,,,,,,Schweiz,Relevante Textstelle,
3,563,CATMA_98E56C9E-AF92-438B-A3E5-873302210395,552,weiblichen ,-13288961,Mhuerten,2025-07-15T15:42:06.964+0200,weiblich,CATMA_CC68784B-9178-4E0A-B4A0-5513728C0DB5,,,,,,,,,,,,,Schweiz,Geschlecht (Betroffene),
4,610,CATMA_69A9C461-941E-4BBC-9286-C9E288DCF99D,601,männlich ,-9889053,Mhuerten,2025-07-15T15:43:30.491+0200,männlich,CATMA_491C1421-1813-476C-80A9-E461CCA24A21,,,,,,,,,,,,,Schweiz,Geschlecht (Betroffene),
5,759,CATMA_A8BAA575-9C24-4FBA-89BB-2225CEB02F04,703,Die Beschuldigten waren bis auf  wenige Ausnahmen Männer,-7143428,Mhuerten,2025-07-15T15:51:55.505+0200,Kleriker,CATMA_C5C97E2C-3134-4D0E-B852-01932DB00047,,,,,,,,,,,,,Schweiz,Beschuldigte,
6,759,CATMA_545F82E9-95CE-479D-8D34-4F4534691D02,703,Die Beschuldigten waren bis auf  wenige Ausnahmen Männer,-13459949,Mhuerten,2025-07-15T15:52:07.925+0200,Nicht-Kleriker,CATMA_82A44BD7-8701-4E4B-8245-FEB4B4A8FA46,,gemischt,,,,,,,,,,,Schweiz,Beschuldigte,
7,867,CATMA_2C55A6A0-48D6-4AA0-9A29-61F4CC8F78FF,845, sexuellem Missbrauch ,-13239067,Mhuerten,2025-07-15T15:53:28.714+0200,Missbrauch,CATMA_3B3B19B0-7DA0-4893-A328-7CF7A581786E,,,,,,,,,,,,,Schweiz,Framing der Taten,
8,866,CATMA_FCEFBDAA-8F32-4C5A-B28B-0BAA0C687516,846,sexuellem Missbrauch,-13101205,Mhuerten,2025-07-15T15:53:06.352+0200,nicht spezifizierte Taten,CATMA_B03D4763-9E0C-4E2D-9ACA-DD358DA82669,Macht- und Abhängigkeitsverhältnis,,,,,,,,,,,,Schweiz,Tatbeschreibung,sexuell
9,886,CATMA_03C4D791-87AA-42C7-BECD-A4944B389A8C,870,Minderjähri­ gen,-13717392,Mhuerten,2025-07-15T15:54:08.766+0200,16-17,CATMA_4AA524EC-865F-4B12-9259-381A9D8B90CA,,,,,,,,,,,,,Schweiz,Alter (Betroffene),minderjährig
10,886,CATMA_FA6921D7-3693-41D5-A30F-E8AC3792E94B,870,Minderjähri­ gen,-4314639,Mhuerten,2025-07-15T15:53:55.128+0200,14-15,CATMA_390DF58B-FDF8-48FC-94C0-13FB6DA3439A,,,,,,,,,,,,,Schweiz,Alter (Betroffene),minderjährig
11,886,CATMA_F62CB741-8541-4D3C-9A63-CBBDBE7CBCAF,870,Minderjähri­ gen,-2595222,Mhuerten,2025-07-15T15:53:42.568+0200,U14,CATMA_70B3E1DF-DA17-41A4-8685-442F3D31BDAE,,,,,,,,,,,,,Schweiz,Alter (Betroffene),minderjährig
12,984,CATMA_6751FBA5-F2C9-4665-A405-C09CEB70FD16,954,Säug­ lingen und vorpubertären,-2595222,Mhuerten,2025-07-15T15:54:31.893+0200,U14,CATMA_70B3E1DF-DA17-41A4-8685-442F3D31BDAE,,,,,,,,,,,,,Schweiz,Alter (Betroffene),minderjährig
13,1039,CATMA_4FE43503-0338-42C4-B80C-7B9B831F5C35,1004,postpubertären jungen Erwachse­ nen,-725551,Mhuerten,2025-07-15T15:54:45.329+0200,erwachsen,CATMA_EE521272-8EC0-40AC-968A-7EFB4F8B21F5,,,,,,,,,,,,,Schweiz,Alter (Betroffene),
14,1090,CATMA_BC6D2542-0EE4-490A-B395-0C535EA779A0,1070, erwachsene Personen,-725551,Mhuerten,2025-07-15T15:55:08.263+0200,erwachsen,CATMA_EE521272-8EC0-40AC-968A-7EFB4F8B21F5,,,,,,,,,,,,,Schweiz,Alter (Betroffene),
15,1222,CATMA_F793F845-0456-4538-85ED-860FB983AEB4,1204, erwachsene Person,-725551,Mhuerten,2025-07-15T15:55:24.978+0200,erwachsen,CATMA_EE521272-8EC0-40AC-968A-7EFB4F8B21F5,,,,,,,,,,,,,Schweiz,Alter (Betroffene),
16,1452,no_annotation_1,1222,". Dies ist umso bedeutsamer, weil sich viele bishe­ rige Studien zu sexuellem Missbrauch in der katholischen Kirche ausschliess­ lich auf Minderjährige fokussierten und so einen relevanten Teil der Betroffenen  nicht in den Blick ",,,,,,,,,,,,,,,,,,Schweiz,,
17,1458,_0,1452,nahmen,-9667700,Mhuerten,2025-07-10T14:59:36.195+0200,End,CATMA_F652635C-A0CC-4F61-A2B4-D163F685F0FF,,,,,,,,,,,,,Schweiz,Relevante Textstelle,
18,6532,_1,6522,darstellen,-9667700,Mhuerten,2025-07-15T16:03:05.000+0200,End,CATMA_F652635C-A0CC-4F61-A2B4-D163F685F0FF,,,,,,,,,,,,,Schweiz,Relevante Textstelle,
19,11755,_2,11742,dokumentieren,-9667700,Mhuerten,2025-07-15T16:10:23.993+0200,End,CATMA_F652635C-A0CC-4F61-A2B4-D163F685F0FF,,,,,,,,,,,,,Schweiz,Relevante Textstelle,
20,14724,_3,14719,statt,-9667700,Mhuerten,2025-07-15T16:17:08.146+0200,End,CATMA_F652635C-A0CC-4F61-A2B4-D163F685F0FF,,,,,,,,,,,,,Schweiz,Relevante Textstelle,
21,17675,_4,17670,Blick,-9667700,Mhuerten,2025-07-15T16:30:19.390+0200,End,CATMA_F652635C-A0CC-4F61-A2B4-D163F685F0FF,,,,,,,,,,,,,Schweiz,Relevante Textstelle,
22,25962,_5,25959,dar,-9667700,Mhuerten,2025-07-15T16:40:35.023+0200,End,CATMA_F652635C-A0CC-4F61-A2B4-D163F685F0FF,,,,,,,,,,,,,Schweiz,Relevante Textstelle,
23,31560,_6,31549,verteidigen,-9667700,Mhuerten,2025-07-15T16:51:16.052+0200,End,CATMA_F652635C-A0CC-4F61-A2B4-D163F685F0FF,,,,,,,,,,,,,Schweiz,Relevante Textstelle,
24,33850,_7,33845,hielt,-9667700,Mhuerten,2025-07-15T16:59:08.473+0200,End,CATMA_F652635C-A0CC-4F61-A2B4-D163F685F0FF,,,,,,,,,,,,,Schweiz,Relevante Textstelle,
25,42026,_8,42021,wurde,-9667700,Mhuerten,2025-07-15T17:28:53.689+0200,End,CATMA_F652635C-A0CC-4F61-A2B4-D163F685F0FF,,,,,,,,,,,,,Schweiz,Relevante Textstelle,
26,48526,_9,48520,auch  ,-9667700,Mhuerten,2025-07-15T17:46:02.143+0200,End,CATMA_F652635C-A0CC-4F61-A2B4-D163F685F0FF,,,,,,,,,,,,,Schweiz,Relevante Textstelle,
27,52173,_10,52165,Personen,-9667700,Mhuerten,2025-07-15T17:49:34.643+0200,End,CATMA_F652635C-A0CC-4F61-A2B4-D163F685F0FF,,,,,,,,,,,,,Schweiz,Relevante Textstelle,
28,5216,no_annotation_2,1458,". Das ausgewertete Quellenkorpus beinhaltete (ehemalige) Geheimarchivbe­ stände, die Archive der Fachgremien «Sexuelle Übergriffe» sowie Bestände zu  «problematischen» Priestern. Bei den darin identifizierten Fällen handelt es  sich zweifelsfrei nur um die Spitze des Eisbergs: Zahlreiche Archive konnten im  vergangenen Jahr nicht ausgewertet werden, darunter eine Vielzahl von Archi­ ven von Ordensgemeinschaften, Dokumente aus der Arbeit von diözesanen Gre­ mien, aber auch Bestände von katholischen Schulen, Internaten und Heimen.7  Zudem lag der Fokus auf kirchlichen Archiven, staatliche Archive wurden nur  ergänzend berücksichtigt.8 In diesen dürften weitere Fälle von Missbrauch do­ kumentiert sein, die bisher nicht erfasst werden konnten. Ein vollständiges Bild des Ausmasses sexuellen Missbrauchs im kirchlichen  Umfeld würde auch bei einer vollständigen Auswertung aller Archivbestände  nicht zu zeichnen sein. Tatsächlich haben längst nicht alle Fälle von sexuellem  Missbrauch noch heute auffindbare Spuren in den Archiven hinterlassen. Für  zwei Diözesen kann die Vernichtung von Akten belegt werden, in den anderen ist  aufgrund der Bestimmungen des kanonischen Rechts eine solche für bestimmte  Zeiträume ebenfalls anzunehmen. Es ist zudem teilweise belegt, dass Meldun­ gen von Betroffenen nicht konsequent schriftlich festgehalten wurden und dass  nicht alle Meldungen Eingang in die Archive gefunden haben.9 Aufgrund der Er­ kenntnisse aus der Dunkelfeldforschung ist schliesslich davon auszugehen, dass  nicht eruierbar. Für die Auswertung des Tatzeitpunkts wurde jeweils der früheste Zeitpunkt berücksich­ tigt, an dem der Missbrauch stattfand, auch wenn sich dieser über mehrere Jahre erstreckte. 6	 Frauen als Täterinnen bei sexuellem Missbrauch (an Kindern) blieben bislang von der Forschung  praktisch unbeachtet. Das ändert sich seit wenigen Jahren. Vgl. Unabhängige Kommission zur Aufarbei­ tung sexuellen Kindesmissbrauchs, Kindesmissbrauch durch Frauen. 7	 Aufgrund der angewandten Methoden sowie der beschränkten Quellenauswertung können die vor­ läufigen Fallzahlen nicht mit denen aus anderen Forschungsprojekten, etwa mit denjenigen aus Frank­ reich oder Portugal, verglichen werden. So nutzten beispielsweise sowohl die französische als auch die  portugiesische Studie neben qualitativen auch quantitative Methoden. Vgl. CIASE, Violences sexuelles  France 1950–2020; Comissão Independente para o Estudo dos Abusos Sexuais de Crianças na Igreja Católi­ ca Portuguesa, Dar voz ao silêncio; Rössler, Portugals Bischöfe geben Zugang zu Archiven, in: Frankfurter  Allgemeine Zeitung, 12.02.2022. 8	 Eine Ausnahme bildet das Bistum Lugano: Hier wurden, aufgrund des geringen Umfangs kirchlicher  Bestände zu sexuellem Missbrauch, bereits erste Recherchen in nicht-kirchlichen Archiven vorgenom­ men. 9	 Z. B. Meldung von der betroffenen Person L. T. an das Bistum Basel 2008. Siehe dazu auch Kapitel 3. 

#######################

Seite 18

Bericht zum Pilotprojekt zur Geschichte sexuellen Missbrauchs im Umfeld  der römisch-katholischen Kirche in der Schweiz seit Mitte des 20. Jahrhunderts 18 In Rückgriff auf diese Diskussion, aber auch in Bezugnahme auf die Begriffs­ wahl der Betroffenenorganisationen stützt sich die vorliegende Untersuchung  hauptsächlich auf den Begriff des «sexuellen Missbrauchs».19 Dieser Begriff wird  darüber hinaus auch im allgemeinen Sprachgebrauch und in den öffentlichen  Diskussionen zum Thema häufig verwendet.20 Trotzdem ist er nicht einfach zu  fassen: In der Forschungsliteratur werden verschiedene Definitionen diskutiert,  die von «engen» bis «weiten» und von «normativen» bis «klinischen» Definitio­ nen reichen und entsprechend unterschiedliche Handlungen und Situationen  umfassen.21 ",,,,,,,,,,,,,,,,,,Schweiz,,
29,5590,CATMA_511EE28C-382F-4F29-BE49-73A630443129,5216,"Ganz allgemein kann der Begriff des «sexuellen Missbrauchs» so de­ finiert werden, dass er alle Taten umfasst, die das sexuelle Selbstbestimmungs­ recht von Menschen verletzen. Zentral ist hierbei, dass der Begriff in der vorlie­ genden Untersuchung auch auf Übergriffe gegenüber Erwachsenen angewandt  wird, sich also nicht nur auf solche gegenüber Minderjährige beschränkt",-5367143,Mhuerten,2025-07-15T16:02:23.617+0200,Definition,CATMA_67B0B767-95AF-4E92-8AF3-C3096A5721D0,,,,,,,,,,,,,Schweiz,Metaanalyse,
30,5221,S-2,5216,Ganz ,-399266,Mhuerten,2025-07-15T15:59:56.430+0200,Start,CATMA_7C23CC13-B5FE-4F69-AAB7-935F31D614C3,,,,,,,,,,,,,Schweiz,Relevante Textstelle,
31,5589,CATMA_CC18D3DC-9DDB-4BCA-AC3C-7F740530B667,5216,"Ganz allgemein kann der Begriff des «sexuellen Missbrauchs» so de­ finiert werden, dass er alle Taten umfasst, die das sexuelle Selbstbestimmungs­ recht von Menschen verletzen. Zentral ist hierbei, dass der Begriff in der vorlie­ genden Untersuchung auch auf Übergriffe gegenüber Erwachsenen angewandt  wird, sich also nicht nur auf solche gegenüber Minderjährige beschränk",-13239067,Mhuerten,2025-07-15T16:00:38.677+0200,Missbrauch,CATMA_3B3B19B0-7DA0-4893-A328-7CF7A581786E,,,,,,,,,,,,,Schweiz,Framing der Taten,
32,5508,CATMA_1688E58B-BB38-4B81-BA7C-4809AC44249A,5496,Erwachsenen ,-725551,Mhuerten,2025-07-15T16:00:58.405+0200,erwachsen,CATMA_EE521272-8EC0-40AC-968A-7EFB4F8B21F5,,,,,,,,,,,,,Schweiz,Alter (Betroffene),
33,5580,CATMA_0EDC3733-B014-4921-AB47-E63DD02B8738,5566,Minderjährige ,-14472051,Mhuerten,2025-07-15T16:01:38.478+0200,Minderjährigkeit nicht spezifiziert,CATMA_6B79399D-5227-4BAC-87F4-8ACBFC243998,,,,,,,,,,,,,Schweiz,Alter (Betroffene),minderjährig
34,6147,no_annotation_3,5590,".22 Die Definition dieses Selbstbestimmungsrechts war historischen Verände­ rungen ausgesetzt und «sexuelle Selbstbestimmung» wird juristisch als Begriff  erst seit einigen Jahrzehnten verwendet.23 Diesen historischen Kontext muss  eine Untersuchung zu sexuellem Missbrauch in der katholischen Kirche grund­ sätzlich mitdenken. Wichtig bei der Analyse von sexuellem Missbrauch in einem  religiösen Kontext ist zudem, dass die Grenze zu einvernehmlichen Beziehun­ gen, beziehungsweise freiwilligen sexuellen Kontakten, nicht immer eindeutig  ist. Zahlreiche ",,,,,,,,,,,,,,,,,,Schweiz,,
35,6156,CATMA_B8F950FE-87D0-401F-9FEE-8EE799437A7E,6147,Priester ,-7143428,Mhuerten,2025-07-15T16:03:36.271+0200,Kleriker,CATMA_C5C97E2C-3134-4D0E-B852-01932DB00047,,,,,,,,,,,,,Schweiz,Beschuldigte,
36,6270,no_annotation_4,6156,haben sich im Untersuchungszeitraum nicht an ihr Ge­ lübde des Zölibats gehalten und sexuelle Beziehungen gelebt. ,,,,,,,,,,,,,,,,,,Schweiz,,
37,6532,CATMA_D8FC13FB-C78E-4D76-930B-AE9BE9CA6ED8,6270,"Gerade Priester,  welche seelsorgerische Aufgaben übernehmen, befinden sich aber oft in einem  asymmetrischen Verhältnis zu den von ihnen betreuten Frauen und Männern,  wobei diese Machtgefälle eine wesentliche Voraussetzung für sexuelle Missbräu­ che darstellen",-13239067,Mhuerten,2025-07-15T16:03:57.435+0200,Missbrauch,CATMA_3B3B19B0-7DA0-4893-A328-7CF7A581786E,,,,,,,,,,,,,Schweiz,Framing der Taten,
38,6285,CATMA_943A238C-CECD-4013-8B5B-3EF1F4226D4A,6277,Priester,-7143428,Mhuerten,2025-07-15T16:04:08.526+0200,Kleriker,CATMA_C5C97E2C-3134-4D0E-B852-01932DB00047,,,,,,,,,,,,,Schweiz,Beschuldigte,
39,6319,CATMA_977D880A-4CEC-47D5-8445-380735102E9F,6294, seelsorgerische Aufgaben,-8672679,Mhuerten,2025-07-15T16:04:37.084+0200,Pfarrei,CATMA_694236AD-35A4-493B-B295-5526303EA538,,,,,,,,,,,,,Schweiz,Tatkonstellation,Seelsorge
40,6319,CATMA_9BA262C8-977C-487B-9CF2-3299470189A7,6295,seelsorgerische Aufgaben,-2492805,Mhuerten,2025-07-15T16:04:49.573+0200,Kategoriale Seelsorge,CATMA_735C6CB0-F0F4-4073-B0CA-F6A43923776B,,,,,,,,,,,,,Schweiz,Tatkonstellation,Seelsorge
41,6425,CATMA_F4D62316-F4C0-4187-8BBD-305FC255E4E8,6418,Frauen ,-11911038,Mhuerten,2025-07-15T16:05:51.046+0200,Alter unklar,CATMA_FC6EDD7D-E034-4C5F-90CC-CFF5F2499E01,implizit,,,,,,,,,,,,Schweiz,Alter (Betroffene),
42,6425,CATMA_FCE3B826-B19F-4267-AD9D-A8089C2F3DA3,6418,Frauen ,-13288961,Mhuerten,2025-07-15T16:05:32.694+0200,weiblich,CATMA_CC68784B-9178-4E0A-B4A0-5513728C0DB5,,,,,,,,,,,,,Schweiz,Geschlecht (Betroffene),
43,6436,CATMA_D1E64CC2-D74F-4698-B115-1CCE689AAC60,6429,Männern,-11911038,Mhuerten,2025-07-15T16:06:03.098+0200,Alter unklar,CATMA_FC6EDD7D-E034-4C5F-90CC-CFF5F2499E01,implizit,,,,,,,,,,,,Schweiz,Alter (Betroffene),
44,6436,CATMA_3D849CD8-1C87-4287-B31A-F119F12C7448,6429,Männern,-9889053,Mhuerten,2025-07-15T16:05:40.971+0200,männlich,CATMA_491C1421-1813-476C-80A9-E461CCA24A21,,,,,,,,,,,,,Schweiz,Geschlecht (Betroffene),
45,11492,no_annotation_5,6532,". Ebenfalls debattiert wird im medialen, aber auch im wissenschaftlichen  Umfeld die Bezeichnung der Personen, die von sexuellem Missbrauch betrof­ fen sind. Verschiedene Medien verwenden sowohl den Begriff «Opfer» als auch  «Betroffene», wobei «Opfer» im deutschsprachigen wissenschaftlichen Kontext  mittlerweile selten genutzt wird, ausser um hervorzuheben, dass die betroffe­ nen Personen nicht für den begangenen Missbrauch verantwortlich sind.24 Weil  verschiedene Personen erklärten, dass sie sich nicht als Opfer identifizieren  wollen, wird in diesem Bericht der Begriff «Betroffene» verwendet. Aufbau der Untersuchung Der vorliegende Bericht bildet den Abschluss einer Pilotstudie, die eine Basis für  künftige Forschung zu sexuellem Missbrauch durch katholische Kleriker und  kirchliche Angestellte legen soll. Ausdrücklich handelt es sich dabei nicht um  eine abgeschlossene Untersuchung, sondern im Gegenteil um eine erste Aus­ legeordnung möglicher Forschungsgebiete und -vorhaben. Entsprechend ist  die Untersuchung gegliedert: Sie beginnt mit einer kurz gehaltenen Verortung  19	 Französisch: abus sexuel, Italienisch: abuso sessuale. 20	 Grossbölting, Die schuldigen Hirten, S. 29. 21	 Bange, Definition und Häufigkeit von sexuellem Missbrauch, S. 30. 22	 Leimgruber; Reisinger, Sexueller Missbrauch oder sexualisierte Gewalt? 23	 In der juristischen Lesart umfassen die in dieser Studie berücksichtigten Tatbestände: sexuelle Hand­ lungen mit Kindern unter 16 Jahren (Art. 187 StGB), sexuelle Handlungen mit Abhängigen (Art. 188 StGB),  sexuelle Nötigung (Art. 189 StGB), Vergewaltigung (Art. 190 StGB), Schändung (Art. 191 StGB), Exhibitio­ nismus (Art. 194 StGB) und sexuelle Belästigungen (Art. 198 StGB), sexuelle Handlungen mit Anstalts­ pfleglingen, Gefangenen, Beschuldigten (Art. 192 StGB) und Ausnützung der Notlage (Art. 193 StGB). 24	 Grossbölting, Die schuldigen Hirten, S. 31. Allerdings ist im Strafrecht und damit auch in den Rechts­ wissenschaften «Opfer» weiterhin ein zentraler Begriff. 

#######################

Seite 35

35 3. Die Strukturen der katholischen Kirche und ihre Archive Bistum Lugano Die Pfarreien auf dem Gebiet des heutigen Tessins waren bis 1884 den Diözesen  Mailand und Como unterstellt und wurden danach durch den ehemaligen Bi­ schof von Basel apostolisch verwaltet. Die Diözese Lugano wurde 1888 zunächst  inoffiziell gegründet97 und blieb weiterhin mit dem Bischof von Basel verbunden.  Erst 1971 erhielt der apostolische Administrator den Titel eines Bischofs zuge­ sprochen. Aufgrund des Rücktritts von Valerio Lazzeri wurde im Bistum Lugano  2022 wiederum ein apostolischer Administrator eingesetzt: der Weihbischof des  Bistums LGF, Alain de Raemy.98 Die Archivsituation im Bistum Lugano gestaltet sich komplizierter als in den  anderen Bistümern. Sie erforderte im vergangenen Jahr zahlreiche Überprüfun­ gen, Rück- und Nachfragen sowie die Zusammenarbeit verschiedener Mitarbei­ ter der Diözese untereinander und mit dem Forschungsteam. Das historische  Archiv des Bistums wurde viele Jahre von archivarisch ungeschultem Personal  geführt. Bis heute gibt es kein Inventar der Bestände und die Archivboxen sind  nur summarisch nach Themen geordnet. Die Unterstützung des derzeitigen  Archivars, der seit November 2018 im Amt ist, war daher unabdingbar für die  Forschungsarbeit. Die Bestände werden aktuell mit Unterstützung eines wissen­ schaftlichen Teilzeitmitarbeiters weiter reorganisiert. Es ist deshalb möglich,  dass in Zukunft weitere für die Arbeit des Forschungsteams nützliche Doku­ mente zum Vorschein kommen werden. Die laufende personelle und administrative Dokumentation des Bistums wird  in der Kanzlei aufbewahrt. Zentral für die Forschung zu sexuellem Missbrauch  im Bistum Lugano ist aber vor allem das historische Archiv der Diözese. Die­ ses gliedert sich in drei Bereiche: Erstens gibt es das öffentliche Archiv, das frei  zugänglich ist und in dem sich Bestände zu verschiedenen Einrichtungen der  Diözese wie Schulen und Kinder- und Jugendeinrichtungen von Ordensgemein­ schaften, zu Pfarreien und vor allem zu verstorbenen Priestern befinden. Die  letztgenannten Akten wurden in der Vergangenheit nach Priestern durchsucht,  die zum Durchsuchungszeitpunkt als «problematisch» galten, wobei der dabei  entstandene neue Bestand in das Geheimarchiv verlegt wurde. Zweitens werden  im historischen Archiv vertrauliche Dokumente aufbewahrt, die der Öffentlich­ keit nicht zugänglich sind (z. B. über Priester, die mit der Diözese in Konflikt  geraten sind, aber nicht wegen Fällen sexuellen Missbrauchs), sowie wertvolle  Gegenstände und Devotionalien. Drittens enthält das Geheimarchiv diejenigen  Dossiers, die für das Pilotprojekt von grösstem Interesse waren. Diese Dossiers  beinhalten die «vertraulichen Fälle»99 von diözesanen oder ausserdiözesanen  Priestern sowie von Ordensleuten. Sie wurden kürzlich vom derzeitigen Archi­ var Pater Carlo Cattaneo neu geordnet. ",,,,,,,,,,,,,,,,,,Schweiz,,
46,11496,S-3,11492,Die ,-399266,Mhuerten,2025-07-15T16:07:01.343+0200,Start,CATMA_7C23CC13-B5FE-4F69-AAB7-935F31D614C3,,,,,,,,,,,,,Schweiz,Relevante Textstelle,
47,11755,CATMA_95642DB3-9776-458A-A27A-FDC709CB23EE,11492,"Die Boxen «vertrauliche Fälle» enthalten  mehrere Dutzend Dossiers, die allerdings nicht nur Fälle sexuellen Missbrauchs,  sondern auch in den Augen der Kirche anderweitig problematisches Verhalten  wie Beziehungen zu erwachsenen Frauen oder Männern dokumentieren",-8727267,Mhuerten,2025-07-15T16:22:02.688+0200,qualitative Auswertung,CATMA_A4F62753-D014-4231-A750-E730F6DE7F6F,,,,,,,,,,,,,Schweiz,Metaanalyse,
48,11522,CATMA_C184F63B-C9CE-425B-8199-AFCF7742BA34,11501, «vertrauliche Fälle»,-99329,Mhuerten,2025-07-15T16:07:19.824+0200,verklausuliert,CATMA_C4A505D5-21A7-4196-B2CA-8124DA7CC45F,,,,,,,,,,,,,Schweiz,Framing der Taten,
49,11612,CATMA_CBEE5557-BEA4-46B1-A750-D587B9F8BC5A,11585,Fälle sexuellen Missbrauchs,-13101205,Mhuerten,2025-07-15T16:07:33.077+0200,nicht spezifizierte Taten,CATMA_B03D4763-9E0C-4E2D-9ACA-DD358DA82669,Macht- und Abhängigkeitsverhältnis,,,,,,,,,,,,Schweiz,Tatbeschreibung,sexuell
50,11741,CATMA_55F16440-707B-4542-BA6C-CC290897D4E1,11651, anderweitig problematisches Verhalten  wie Beziehungen zu erwachsenen Frauen oder Männern,-13101205,Mhuerten,2025-07-15T16:09:21.752+0200,nicht spezifizierte Taten,CATMA_B03D4763-9E0C-4E2D-9ACA-DD358DA82669,,,,,,,,,,,,,Schweiz,Tatbeschreibung,sexuell
51,11741,CATMA_AD95A584-B6CF-4983-8947-019481B8E12C,11652,anderweitig problematisches Verhalten  wie Beziehungen zu erwachsenen Frauen oder Männern,-8773168,Mhuerten,2025-07-15T16:08:20.624+0200,moralische Verurteilung,CATMA_841CE011-ADA3-4952-B2D4-B5EB4D515CB0,,,,,,,,,,,,,Schweiz,Framing der Taten,
52,11741,CATMA_C57E437A-2BAE-4729-A368-37E7C492AE58,11652,anderweitig problematisches Verhalten  wie Beziehungen zu erwachsenen Frauen oder Männern,-11892824,Mhuerten,2025-07-15T16:08:59.391+0200,Verhältnis nicht weiter spezifiziert,CATMA_D6813191-08A6-4B4A-AE8E-7E4B8D5A86AC,,,,,,,,,,,,,Schweiz,Framing der Taten,Verhältnis
53,13466,no_annotation_6,11755,". Diese «vertraulichen Fälle» zeigen eine zentrale Schwierigkeit der Quellen­ situation im Bistum Lugano: Die darin aufbewahrten Dokumente sind aufgrund  der Archivierungspraxis häufig fragmentarisch, was die Rekonstruktion der  Missbrauchsfälle erschwert. Verschiedene Quellen lassen zudem vermuten,  97	 Dies geschah inoffiziell, da die Bundesverfassung die Gründung von neuen Bistümern 1874 verbot. 98	 Vor dem Amtsantritt von Valerio Lazzeri 2013 waren folgende Bischöfe im Bistum Lugano tätig: Giu­ seppe Martinoli (1971–1978), Ernesto Togni (1978–1985), Eugenio Corecco (1986–1995), Giuseppe Torti  (1995–2004), Pier Giacomo Grampa (2004–2013). Vgl. Moretti, Lugano (Diözese), in: Historisches Lexikon  der Schweiz (HLS). 99	 Italienisch: «Casi Riservati». 

#######################

Seite 58

Bericht zum Pilotprojekt zur Geschichte sexuellen Missbrauchs im Umfeld  der römisch-katholischen Kirche in der Schweiz seit Mitte des 20. Jahrhunderts 58 eng mit dem Staat verwoben und übernahm viele Aufgaben der Fürsorge und  der Pädagogik in der Gesellschaft. Auch in der Schweiz übernahm die Kirche –  insbesondere in katholischen Kantonen und in der ersten Hälfte des Untersu­ chungszeitraums – im Bildungs- und Fürsorgebereich zentrale gesellschaftliche  Funktionen. Es empfiehlt sich, sexuellen Missbrauch im Rahmen dieser Tätig­ keiten der katholischen Kirche und seine Bedingungen gesondert in den Blick  zu nehmen, weil er auf spezifischen Machtbeziehungen und Verantwortungs­ konstellationen basierte und dadurch vom Missbrauch im Rahmen der Pastoral  abzugrenzen ist. Ungefähr 30 % der ausgewerteten Fälle konnten katholischen  Heimen, Schulen, Internaten und ähnlichen Anstalten zugeordnet werden. ",,,,,,,,,,,,,,,,,,Schweiz,,
54,13479,S-4_0,13466,Schliesslich ,-399266,Mhuerten,2025-07-15T16:17:34.215+0200,Start,CATMA_7C23CC13-B5FE-4F69-AAB7-935F31D614C3,,,,,,,,,,,,,Schweiz,Relevante Textstelle,
55,17031,S-4_1,17026,Kurz ,-399266,Mhuerten,2025-07-15T16:29:27.273+0200,Start,CATMA_7C23CC13-B5FE-4F69-AAB7-935F31D614C3,,,,,,,,,,,,,Schweiz,Relevante Textstelle,
56,14724,CATMA_5BEC8B10-60BF-4FEA-B2E2-7A8EF2BAD417,13466,"Schliesslich deutet die internationale Forschung auf ein weiteres Feld hin, in  dem im Verlauf der Untersuchungsperiode Fälle von sexuellem Missbrauch im  Umfeld der katholischen Kirche auftraten. Dieses blieb allerdings bislang sowohl  in den präsentierten provisorischen Zahlen des Missbrauchs als auch in der öf­ fentlichen Debatte unterrepräsentiert und bedarf unter anderem auch deshalb  besonderer Beachtung: Orden und ähnliche Gemeinschaften sowie neue geist­ liche Gemeinschaften und Bewegungen.180 Fälle des sexuellen Missbrauchs in­ nerhalb dieser Gemeinschaften blieben bislang unter anderem deshalb wenig  berücksichtigt, weil sich die Forschung vor allem auf minderjährige (und männ­ liche) Betroffene fokussierte und in diesem Raum überwiegend Erwachsene  – insbesondere auch erwachsene Frauen – betroffen sind. In den Orden und  ähnlichen Gemeinschaften treten spezifische Machtkonstellationen auf, die  Missbräuche begünstigen und deren Erforschung vor besondere Herausforde­ rungen stellen, weil die vorhandenen Quellen in diesem Bereich besonders viele  Lücken aufweisen. Dies wird auch bei der Betrachtung der Zahlen deutlich: Nur  knapp 2 % der ausgewerteten Fälle fanden innerhalb von Orden und ähnlichen  religiösen Gemeinschaften statt",-8727267,Mhuerten,2025-07-15T16:20:02.022+0200,qualitative Auswertung,CATMA_A4F62753-D014-4231-A750-E730F6DE7F6F,,,,,,,,,,,,,Schweiz,Metaanalyse,
57,13616,CATMA_8FB0EF87-B821-4753-ACA7-F73BE5158AAD,13596,sexuellem Missbrauch,-13101205,Mhuerten,2025-07-15T16:17:52.867+0200,nicht spezifizierte Taten,CATMA_B03D4763-9E0C-4E2D-9ACA-DD358DA82669,Macht- und Abhängigkeitsverhältnis,,,,,,,,,,,,Schweiz,Tatbeschreibung,sexuell
58,13914,CATMA_B833CFC6-EF15-4698-BF0E-797352735715,13881,Orden und ähnliche Gemeinschaften,-7977585,Mhuerten,2025-07-15T16:23:19.229+0200,Orden,CATMA_7F7D7363-1739-4B73-BEBC-28E4CA0E5BA9,,,,,,,,,,,,,Schweiz,Tatkonstellation,
59,13968,CATMA_D52A93F4-F060-4518-8DD7-C6ECB6E9B2DD,13921,neue geist­ liche Gemeinschaften und Bewegungen,-1092855,Mhuerten,2025-07-15T16:22:56.201+0200,Geistliche Gemeinschaften,CATMA_5D729A1E-3E29-459C-8D49-14B75702A681,,,,,,,,,,,,,Schweiz,Tatkonstellation,
60,14152,CATMA_7D1D29CF-CC7D-4587-9C97-A9C962BEE5AE,14138,minderjährige ,-1117796,Mhuerten,2025-07-15T16:18:34.687+0200,minderjährig,CATMA_6262777C-8205-4331-A4C6-B9768A6FE461,,,,,,,,,,,,,Schweiz,Alter (Betroffene),
61,14168,CATMA_6D56DECA-531A-4C6D-A861-FF7FD098011A,14157,männ­ liche,-9889053,Mhuerten,2025-07-15T16:18:45.168+0200,männlich,CATMA_491C1421-1813-476C-80A9-E461CCA24A21,,,,,,,,,,,,,Schweiz,Geschlecht (Betroffene),
62,14236,CATMA_9B419BE5-DE9C-44CC-8FC5-9E1B0E8DC826,14224,Erwachsene  ,-725551,Mhuerten,2025-07-15T16:18:56.414+0200,erwachsen,CATMA_EE521272-8EC0-40AC-968A-7EFB4F8B21F5,,,,,,,,,,,,,Schweiz,Alter (Betroffene),
63,14273,CATMA_722573F8-399C-407B-81D6-E982D69F9421,14256,erwachsene Frauen,-725551,Mhuerten,2025-07-15T16:19:18.447+0200,erwachsen,CATMA_EE521272-8EC0-40AC-968A-7EFB4F8B21F5,,,,,,,,,,,,,Schweiz,Alter (Betroffene),
64,14274,CATMA_265AB44D-7B7F-4048-BAEA-EDC979E0E518,14267,Frauen ,-13288961,Mhuerten,2025-07-15T16:19:25.667+0200,weiblich,CATMA_CC68784B-9178-4E0A-B4A0-5513728C0DB5,,,,,,,,,,,,,Schweiz,Geschlecht (Betroffene),
65,14334,CATMA_CF0D5181-E354-4E6F-B551-4BFF3B9267D1,14299,Orden und  ähnlichen Gemeinschaften,-7977585,Mhuerten,2025-07-15T16:23:45.434+0200,Orden,CATMA_7F7D7363-1739-4B73-BEBC-28E4CA0E5BA9,,,,,,,,,,,,,Schweiz,Tatkonstellation,
66,14718,CATMA_8C57B8EB-66C9-4E8C-8966-76F053CC3292,14672,Orden und ähnlichen  religiösen Gemeinschaften,-7977585,Mhuerten,2025-07-15T16:24:02.474+0200,Orden,CATMA_7F7D7363-1739-4B73-BEBC-28E4CA0E5BA9,,,,,,,,,,,,,Schweiz,Tatkonstellation,
67,17026,no_annotation_7,14724,". Diese drei Räume des Missbrauchs werden im Folgenden thematisiert und  die Strukturen und Dynamiken mit Fallbeispielen aus den konsultierten Akten­ beständen dargestellt. Gleichzeitig wird auf den Stand der Forschung, die Ergie­ bigkeit der bereits vorgestellten Archive hinsichtlich des Missbrauchs in diesen  Räumen sowie auf Hindernisse und mögliche Perspektiven der zukünftigen For­ schung eingegangen. a. Missbrauch im Rahmen der Pastoral Wie die erhobenen Zahlen andeuten, geschah in der Untersuchungsperiode ein  grosser Teil der bislang bekannten Fälle von sexuellem Missbrauch im Umfeld  der katholischen Kirche im Rahmen der Pastoral. Dabei wird «Pastoral» für die­ se grobe Einordnung sehr breit gefasst und bezeichnet das Wirken von Priestern  und anderen kirchlichen Angestellten in einer ihnen zugeordneten Gemeinde.  Die Täterschaft bestand zu einem wesentlichen Teil aus Priestern, die als Pfar­ rer, Pfarrvikare oder Kaplane181 in Pfarreien tätig waren, sowie in geringerem  Masse aus einem erweiterten Kreis von kirchlichen Angestellten. Betroffen von sexuellem Missbrauch in der Pastoral waren, wenn auch in  unterschiedlichem Umfang, alle Altersgruppen und Geschlechter. Diese Brei­ te an betroffenen Personen ist darauf zurückzuführen, dass sich das pastorale  180	 Wagner, #NunsToo, S. 374–384; Hoyeau, Verrat der Seelenführer. 181	 Ein Pfarrer ist ein Priester, dem eine Pfarrei übertragen wurde, welcher er vorsteht. Ein Vikar oder  ein Kaplan ist ein «Hilfsgeistlicher», der zwar die Priesterweihe erhalten hat, aber keine eigene Pfarrei  führt, sondern einen Pfarrer in seiner Tätigkeit unterstützt. Vgl. Hallermann; Greifenstein, Pfarrer, in:  Lexikon für Kirchen- und Religionsrecht; Hallermann; Otto, Pfarrvikar, in: Lexikon für Kirchen- und Reli­ gionsrecht; Weinberger; Anapliotis; Balla, Priester, in: Lexikon für Kirchen- und Religionsrecht. 

#######################

Seite 75

75 5. Räume des Missbrauchs existent. Auch den Fachgremien wurden bislang nur sehr wenige Fälle solcher  Missbräuche innerhalb von Ordensgemeinschaften gemeldet. Bis heute haben schweizweit nur drei Ordensgemeinschaften Studien oder  Untersuchungsberichte zu sexuellen Missbräuchen in ihren Reihen in Auftrag  gegeben. Pionierin war die Benediktinergemeinschaft des Klosters Einsiedeln.  ",,,,,,,,,,,,,,,,,,Schweiz,,
68,17205,no_annotation_8,17031,"nachdem in den Medien Fälle von sexuellem Missbrauch thematisiert wor­ den waren, beauftragte der Abt von Einsiedeln Martin Werlen im Jahr 2010 eine  Expertenkommission, die ",,,,,,,,,,,,,,,,,,Schweiz,,
69,17226,CATMA_C30BF8B4-761D-42AF-9733-98586C2E298B,17205,sexuellen Missbrauch ,-13239067,Mhuerten,2025-07-15T16:31:07.877+0200,Missbrauch,CATMA_3B3B19B0-7DA0-4893-A328-7CF7A581786E,,,,,,,,,,,,,Schweiz,Framing der Taten,
70,17225,CATMA_C23A735C-9E83-4F43-873E-74D96B67A04B,17205,sexuellen Missbrauch,-13101205,Mhuerten,2025-07-15T16:30:52.212+0200,nicht spezifizierte Taten,CATMA_B03D4763-9E0C-4E2D-9ACA-DD358DA82669,,,,,,,,,,,,,Schweiz,Tatbeschreibung,sexuell
71,17233,no_annotation_9,17226,in der ,,,,,,,,,,,,,,,,,,Schweiz,,
72,17253,CATMA_FA5563C2-8DC5-483A-95F9-AC47F09512F0,17233,Ordensgemeinschaft  ,-7977585,Mhuerten,2025-07-15T16:31:21.636+0200,Orden,CATMA_7F7D7363-1739-4B73-BEBC-28E4CA0E5BA9,,,,,,,,,,,,,Schweiz,Tatkonstellation,
73,17273,no_annotation_10,17253,aufarbeiten sollte. ,,,,,,,,,,,,,,,,,,Schweiz,,
74,17452,CATMA_B21DFE79-D9FF-411A-A887-0C8B31DAC34D,17273,"Die beauftragten Juristen untersuchten insgesamt 24 Fälle,  wovon 15 strafrechtlich relevant waren. Unter den vierzig Betroffenen waren  sowohl Minderjährige wie auch Erwachsene. ",-11700002,Mhuerten,2025-07-15T16:31:38.597+0200,Statistik,CATMA_3559CA23-2F8B-4EC2-B0C0-5E20EB44151B,,,,,,,,,,,,,Schweiz,Metaanalyse,
75,17431,CATMA_C2351E7F-E7D9-4B4A-8132-74AA7BFA9009,17417,Minderjährige ,-1117796,Mhuerten,2025-07-15T16:29:57.492+0200,minderjährig,CATMA_6262777C-8205-4331-A4C6-B9768A6FE461,,,,,,,,,,,,,Schweiz,Alter (Betroffene),
76,17450,CATMA_C01D023F-9A49-469A-B77D-9AD97A3501F6,17440,Erwachsene,-725551,Mhuerten,2025-07-15T16:30:02.635+0200,erwachsen,CATMA_EE521272-8EC0-40AC-968A-7EFB4F8B21F5,,,,,,,,,,,,,Schweiz,Alter (Betroffene),
77,17670,no_annotation_11,17452,Allerdings fokussierte der Unter­ suchungsbericht auf die karitativen Tätigkeiten für die Gesellschaft und nahm  die entsprechenden Dynamiken und allfälligen Missbräuche innerhalb der Or­ densgemeinschaft nicht in den ,,,,,,,,,,,,,,,,,,Schweiz,,
78,22983,no_annotation_12,17675,". Der Bericht wurde nicht veröffentlicht, die  Ergebnisse wurden jedoch an einer Pressekonferenz einer interessierten Öffent­ lichkeit mitgeteilt.271 Eine weitere Untersuchung wurde von den Ingenbohler Schwestern in Auf­ trag gegeben und erschien im Jahr 2013. Diese Studie konnte zwar Fehlverhalten  von Ordensschwestern in ihrer karitativen Arbeit nachweisen, fokussierte aber  nicht spezifisch auf sexuelle Missbräuche und auch nicht auf solche innerhalb  der Ordensgemeinschaft.272 2017 setzte die Schweizer Kapuzinerprovinz eine  unabhängige Kommission ein, die einen besonders schweren Fall eines Priesters  untersuchen sollte, der über Jahrzehnte dutzende Kinder missbrauchte und von  seinen Vorgesetzten immer wieder versetzt wurde. Neben einer Rekapitulation  des Falles untersuchte die Kommission auch die ergriffenen Massnahmen der  kirchlichen und weltlichen Behörden.273 Von den in der Schweiz aktiven NGGB haben bislang die Fokolar-Bewegung  sowie die Gemeinschaft L’Arche Untersuchungen zu Fällen sexuellen Miss­ brauchs in ihrer Gemeinschaft in Auftrag gegeben. Ausgehend von einer Reihe  von Missbrauchstaten durch einen Geistlichen der Fokolar in Frankreich wurde  2022 ein rund hundertseitiger Untersuchungsbericht veröffentlicht, der sich auf  sexuellen Missbrauch an Minderjährigen innerhalb der international tätigen Or­ ganisation fokussierte. Auch wenn die Untersuchung keinen direkten Schweiz- Bezug hat, bietet sie Einblicke in die Strukturen und Machtverhältnisse in der  Organisation und zeigt, wie diese von einem Mitglied genutzt wurden, um jah­ relang sexuelle Missbräuche zu begehen.274 Basierend auf der Untersuchung hat  die Bewegung 2023 darüber hinaus einen Rechenschaftsbericht erstellt.275 Eine 2023 veröffentlichte Untersuchung zur L’Arche, die ebenfalls einen Sitz  in der Schweiz hat, entstand aufgrund massiver Vorwürfe sexueller Missbräuche  innerhalb der Gemeinschaft, unter anderem gegenüber ihrem Gründer, Jean Va­ nier. Speziell am Arche-Projekt ist, dass es sich um ein Projekt des Zusammenle­ bens von Menschen mit und ohne Beeinträchtigungen handelt und dadurch eine  spezifische zusätzliche Dimension von Macht und Ausbeutung hinzukommt.276 271	 15 Mönche machten sich sexueller Übergriffe schuldig, in: kath.ch, 27.01.2011, www.kath.ch/newsd/ 15-moenche-machten-sich-sexueller-uebergriffe-schuldig/, Stand: 20.04.2023.  272	 Siehe Kapitel 5b; Unabhängige Expertenkommission Ingenbohl, Ingenbohler Schwestern in Kinder­ heimen. 273	 Papaux; Python; Mausen, Auszug Bericht UK «Fall Joël Allaz». 274	 Dross; Nolan, Bericht sexueller Missbrauch Fokolar-Bewegung. 275	 Fokolar-Bewegung, Auf dem Weg zu einer Kultur des ganzheitlichen Schutzes der Person. 276	 Granger; Jeammet; Michel u. a., Control and Abuse, https://commissiondetude-jeanvanier.org/ commissiondetudeindependante2023-empriseetabus/index.php/en/home-english/, Stand: 20.04.2023. 

#######################

Seite 76

Bericht zum Pilotprojekt zur Geschichte sexuellen Missbrauchs im Umfeld  der römisch-katholischen Kirche in der Schweiz seit Mitte des 20. Jahrhunderts 76 Die internationale Forschung zum Thema deutet also sowohl in traditionellen  als auch in neuen Ordensgemeinschaften darauf hin, dass es auch in der Schweiz  zahlreiche Fälle von sexuellen Missbräuchen innerhalb von katholischen Ge­ meinschaften gegeben haben dürfte. Die dem sexuellen Missbrauch zugrunde  liegende Manipulation erfolgte innerhalb solcher Gemeinschaften mit inten­ sivem Glaubensleben auf Basis der Abgrenzung zu der Gesellschaft, der spiri­ tuellen Überhöhung einzelner Figuren (spiritueller Missbrauch durch den Spi­ ritual277 beispielsweise), durch zumeist enorm strikte Moralvorstellungen und  deutlich sichtbare innerorganisatorische Machtverhältnisse.278 Gerade in neuen  geistlichen Gemeinschaften ist zudem das Vorhandensein einer charismati­ schen und spirituellen Führungsperson zentral, wodurch Probleme einer spiri­ tuellen Legitimierung von sexuellen Missbräuchen begünstigt werden.279 Weiter  sind Ordensgemeinschaften und auch viele NGGB hierarchisch organisiert und  basieren auf Werten wie Hingebung, Gehorsam und Treue. Es existieren starke,  langfristige spirituelle und organisatorische Machtstrukturen (bspw. Oberin­ nen, welche über die Arbeit und das Leben ihrer Schwestern bestimmen).280 Ordensgemeinschaften und ordensähnliche Strukturen sind zudem in den  meisten Fällen mindestens teilweise autonome Einheiten, mit eigenen Regeln  und Dynamiken. Während des Pilotprojekts entstand, bspw. in den geführten  Gesprächen, der Eindruck, dass viele Ordensgemeinschaften Einmischungen  von aussen – auch aus der kirchlichen Hierarchie – kritisch gegenüberstehen  und es bevorzugen, Probleme intern zu lösen. Die traditionellen Ordensgemein­ schaften befinden sich zudem seit Jahrzehnten in einem teilweise drastischen  Niedergang. Sie schrumpfen jährlich, sind überaltert und ihnen fehlen perso­ nelle und finanzielle Mittel, in vielen Fällen nur schon, um ein grundlegendes  Funktionieren aufrechtzuerhalten. Das Alter der Ordensleute und die personel­ le Not führen dazu – so der Eindruck –, dass eine Beschäftigung mit möglichen  Fällen sexuellen Missbrauchs in der Vergangenheit oder mit Problemen der eige­ nen Strukturen nicht als dringlich oder besonders relevant angesehen wird. ",,,,,,,,,,,,,,,,,,Schweiz,,
79,23925,CATMA_E5FC7702-FC84-4BEE-9E13-90156698B6AC,22983,"Bei Frauengemeinschaften wurden noch zwei weitere Probleme offensicht­ lich: Zum einen erachten einige Frauengemeinschaften sexuellen Missbrauch  nicht als Angelegenheit, die sie besonders betrifft. Sie verorten diesen vorwie­ gend bei den Männergemeinschaften und den weltlichen Priestern. Zum an­ deren besitzen die Frauengemeinschaften in einigen Fällen keine ausführliche  Tradition der Schriftlichkeit und damit auch keine oder nur sehr spärliche Ar­ chivbestände, die zur Erforschung sexuellen Missbrauchs hinzugezogen werden  können. Einzig einige Fälle von Sollizitation281, zwischen Spiritual und Ordens­ mitglied, sind in den konsultierten Archiven dokumentiert, weil sie einen beson­ ders schweren Verstoss gegen das katholische Kirchenrecht darstellen.282 Trotz der Schwierigkeiten sexuelle Missbräuche in Orden und ordens­ ähnlichen Gemeinschaften zu untersuchen, ist auch hier ein grundsätzliches  Forschungspotential vorhanden.",-8727267,Mhuerten,2025-07-15T16:40:13.400+0200,qualitative Auswertung,CATMA_A4F62753-D014-4231-A750-E730F6DE7F6F,,,,,,,,,,,,,Schweiz,Metaanalyse,
80,22987,S-5_0,22983,Bei ,-399266,Mhuerten,2025-07-15T16:33:01.423+0200,Start,CATMA_7C23CC13-B5FE-4F69-AAB7-935F31D614C3,,,,,,,,,,,,,Schweiz,Relevante Textstelle,
81,30507,S-5_1,30494,Spiritueller ,-399266,Mhuerten,2025-07-15T16:41:55.913+0200,Start,CATMA_7C23CC13-B5FE-4F69-AAB7-935F31D614C3,,,,,,,,,,,,,Schweiz,Relevante Textstelle,
82,23008,CATMA_D763DF43-1651-4ED6-B739-40DF821ADE8B,22987,Frauengemeinschaften ,-7977585,Mhuerten,2025-07-15T16:33:30.820+0200,Orden,CATMA_7F7D7363-1739-4B73-BEBC-28E4CA0E5BA9,,,,,,,,,,,,,Schweiz,Tatkonstellation,
83,23127,CATMA_DA217E49-6C1C-4D0B-9540-E02BB62B9D1F,23107,sexuellen Missbrauch,-13101205,Mhuerten,2025-07-15T16:35:10.929+0200,nicht spezifizierte Taten,CATMA_B03D4763-9E0C-4E2D-9ACA-DD358DA82669,,,,,,,,,,,,,Schweiz,Tatbeschreibung,sexuell
84,23746,CATMA_96D5915D-85A1-40A6-BBBC-40CBDD92C4D1,23524,"Einzig einige Fälle von Sollizitation281, zwischen Spiritual und Ordens­ mitglied, sind in den konsultierten Archiven dokumentiert, weil sie einen beson­ ders schweren Verstoss gegen das katholische Kirchenrecht darstellen",-16199595,Mhuerten,2025-07-15T16:37:46.190+0200,Akten,CATMA_60D697B7-C5D8-41E7-BA69-2DE7E7E71115,,,indirekt,,,,,,,,,,Schweiz,Zitat,
85,23605,CATMA_39354644-58DA-45F7-B823-1A0F5D0CB494,23566,zwischen Spiritual und Ordens­ mitglied,-7977585,Mhuerten,2025-07-15T16:36:44.861+0200,Orden,CATMA_7F7D7363-1739-4B73-BEBC-28E4CA0E5BA9,,,,,,,,,,,,,Schweiz,Tatkonstellation,
86,23605,CATMA_BC6D9054-3813-4EE7-8595-D3DEA75A21E8,23566,zwischen Spiritual und Ordens­ mitglied,-5006787,Mhuerten,2025-07-15T16:37:07.996+0200,Geistliche Begleitung,CATMA_FF5A0C09-2386-44A2-B84D-37FEBE31171C,,,,,,,,,,,,,Schweiz,Tatkonstellation,Seelsorge
87,23585,CATMA_7F1AD5EE-5C0C-422B-905E-176385B35DC2,23575,Spiritual ,-7143428,Mhuerten,2025-07-15T16:36:12.268+0200,Kleriker,CATMA_C5C97E2C-3134-4D0E-B852-01932DB00047,,,,,,,,,,,,,Schweiz,Beschuldigte,
88,23735,CATMA_F47837DD-03AB-4888-BAE9-C9D6EC154854,23671,beson­ ders schweren Verstoss gegen das katholische Kirchenrecht,-16721871,Mhuerten,2025-07-15T16:37:31.991+0200,Kirchenrechtlich,CATMA_5627441E-9527-4A3F-BC56-E783D29ACECA,relevant,,,,,,,,,,,,Schweiz,Framing der Taten,
89,25959,no_annotation_13,23925," Das folgende Fallbeispiel zeigt, wie ein in­ nerklösterlicher sexueller Missbrauch vonstattengehen konnte und welche  277	 Ein Spiritual ist ein Priester, der das Leben in einem Kloster geistlich begleitet. Er ist Seelsorger  und Beichtvater der Ordensangehörigen. Insbesondere in Frauenorden kommt ihm eine besondere Be­ deutung zu, weil nur er als Priester die Messe halten darf. Kloster und Wallfahrtskirche. Vgl. Maria Hilf  Gubel, Über uns, https://kloster-gubel.ch/ueber-uns/, Stand: 20.04.2023. 278	 Lassus, Verheissung und Verrat. 279	 Hoyeau, Verrat der Seelenführer. 280	 Wagner, #NunsToo, S. 382. 281	 Sollizitation bezeichnet einen sexuellen Übergriff im Rahmen der Beichte. Vgl. Kongregation für die  Glaubenslehre, Instruction, www.vatican.va/resources/resources_crimen-sollicitationis-1962_en.html,  Stand: 20.04.2023. 282	 Bischöfliches Archiv des Bistums Basel, Personaldossier B.F. 

#######################

Seite 78

Bericht zum Pilotprojekt zur Geschichte sexuellen Missbrauchs im Umfeld  der römisch-katholischen Kirche in der Schweiz seit Mitte des 20. Jahrhunderts 78 und schloss danach, auf Wunsch der Betroffenen und nach Rücksprache mit der  Priorin, den Fall ab. Dieser Fall geschah im Rahmen einer geschlossenen religiösen Gemeinschaft,  deren innere Dynamiken von aussen nur teilweise nachvollziehbar sind und in  denen sich psychische Probleme, theologische Begründungen, eine strikte (Se­ xual-)Moral sowie das Rollen- und Autoritätsverständnis als Ordensmitglied ver­ mengten. Die Auseinandersetzung zwischen den beiden Schwestern beschränk­ te sich nicht auf den Vorwurf des sexuellen Missbrauchs, sondern umfasste die  gesamte Lebenswelt des Ordens: Fragen der persönlichen Berufung, der Aus­ richtung des Klosters oder des gemeinschaftlichen Lebens gehörten zu den zen­ tralen Konfliktlinien zwischen den beiden Schwestern. Der körperliche Kontakt  und der daraus resultierende sexuelle Missbrauch fügten sich in diese Lebens­ welt ein und stellten eine weitere Dimension der Auseinandersetzungen ",,,,,,,,,,,,,,,,,,Schweiz,,
90,30494,no_annotation_14,25962,". Die Erforschung sexuellen Missbrauchs im Rahmen von Orden und weite­ ren geistlichen Gemeinschaften ist auch im Hinblick auf die Quellenlage an­ spruchsvoll: In vielen Fällen sind die Archive solcher Gemeinschaften klein und  unvollständig. Und wenn sie existieren, ist zu vermuten, dass es aufgrund der  erwähnten Spezifika der Gemeinschaften nur wenige schriftliche Quellen zu se­ xuellem Missbrauch gibt. Dies ist aber im Einzelfall zu prüfen. Die bisherigen  Abklärungen haben ergeben, dass die meisten NGGB durchaus Archive führen,  diese laut eigener Aussage aber keine Akten zu sexuellen Missbräuchen enthal­ ten.288 Auch traditionelle kontemplative Ordensgemeinschaften haben in vielen  Fällen Archivbestände, die konsultiert werden können, wo aber ebenfalls eine  geringe Ergiebigkeit bezüglich des Themas anzunehmen ist. Auch Betroffenenaufrufe würden bei aktiven Mitgliedern der Gemeinschaf­ ten, so ist zu vermuten, für wenig Rücklauf sorgen. Damit bleibt eine Kontakt­ aufnahme mit ehemaligen Mitgliedern solcher Gemeinschaften eine der weni­ gen Möglichkeiten, Informationen über das Innenleben und allfällige sexuelle  Missbräuche zu erhalten. Zu klären sein wird, inwiefern gezielte, von religiösen  Autoritäten mitgetragene Aufrufe das notwendige Vertrauen schaffen könnten,  so dass trotz der Verschlossenheit der Gemeinschaften gewisse Berichte gesam­ melt werden können. d. Katholische Spezifika des Missbrauchs Sexuellen Missbrauch gibt es zweifelsfrei nicht nur im Umfeld der katholischen  Kirche. Birgit Aschmann schreibt in der Einleitung eines 2022 erschienenen  Sammelbands: Über den sexuellen Missbrauch in der katholischen Kirche ist in den zurückliegenden  Jahren besonders intensiv diskutiert worden. Gleichwohl besteht kein Zweifel daran,  dass andere Institutionen oder Sportvereine nicht minder davon geprägt sind und dass  sich die meisten sexuellen Übergriffe auf Kinder im direkten familiären Umfeld ereig­ nen. Dabei geht es bei der Analyse des Missbrauchs in den ‹katholischen Dunkelräumen›  nicht um ein quantitatives ‹mehr oder weniger schlimm›. Vielmehr steht die Frage im  Raum, ob sich signifikante Unterschiede in den verschiedenen ‹Teilsystemen› nachwei­ sen lassen. Was ist dann aber das Spezifikum der ‹katholischen Dunkelräume› bzw. was  ist der – wie Klaus Mertes es genannt hat – ‹katholische Geschmack›?289 Wie die Erforschung der Häufigkeit und der Formen sexuellen Missbrauchs ist  auch die Identifizierung solcher katholischen Besonderheiten kein abgeschlos­ sener Prozess. Dennoch hat die Forschung in den letzten Jahrzehnten bereits  288	 Siehe Kapitel 3f. 289	 Aschmann, Katholische Dunkelräume. Eine Einleitung, S. XV. 

#######################

Seite 80

Bericht zum Pilotprojekt zur Geschichte sexuellen Missbrauchs im Umfeld  der römisch-katholischen Kirche in der Schweiz seit Mitte des 20. Jahrhunderts 80 Diese soziale, politische, juristische und ökonomische Machtballung in einer  Person geht zusätzlich in eine weitere Dimension über: Die klerikale Macht­ position eines Priesters, die sich in einer vermeintlichen Unfehlbarkeit sämtli­ cher Handlungen äusserte, fügte Fällen sexuellen Missbrauchs eine spirituelle  Dimension hinzu.297 Spiritueller Missbrauch bedeutet für Betroffene nicht nur  einen schweren Eingriff in die physische Integrität, sondern auch in das psychi­ sche und religiöse Grundvertrauen. Spiritueller Missbrauch ist dabei eng mit den bereits diskutierten Konzepten  einer «geistlichen Macht» und spezifisch für die katholische Kirche mit Formen  des Klerikalismus verknüpft. Spätestens mit Doris Reisingers Buch Spiritueller  Missbrauch in der katholischen Kirche aus dem Jahr 2019298 hat der Begriff auch  Eingang in innerkirchliche Auseinandersetzungen299 und in die öffentliche De­ batte zu sexuellem Missbrauch in der katholischen Kirche gefunden.300 Reisinger  definiert den Begriff so, «[…] dass geistlicher Missbrauch die Verletzung spiritu­ eller Autonomie ist und dass spirituelle Autonomie ein grundlegendes Selbstbe­ stimmungsrecht jedes Menschen darstellt.»301 So nutzen Täterinnen und Täter  beispielsweise die Suche nach Spiritualität und nach Gott aus, um Gefälligkei­ ten von Personen zu erhalten und um ihre Macht über diese auszubauen. Eine  Betroffene, die in der französischen Presse über spirituellen Missbrauch in der  Gemeinschaft Saint-Jean aussagte, sprach von «kleinen Dingen, die sich ansam­ meln und die dazu führen, die Person zu erniedrigen, sie zu lenken und sie nach  und nach ihrer selbst zu berauben».302  ",,,,,,,,,,,,,,,,,,Schweiz,,
91,30517,CATMA_82988933-756B-499E-83E3-48FB17A04365,30494,Spiritueller Missbrauch,-13239067,Mhuerten,2025-07-15T16:51:39.666+0200,Missbrauch,CATMA_3B3B19B0-7DA0-4893-A328-7CF7A581786E,,,,,,,,,,,,,Schweiz,Framing der Taten,
92,30517,CATMA_1909CC87-C5B9-461B-8A57-C54C1AF29796,30494,Spiritueller Missbrauch,-2367366,Mhuerten,2025-07-15T16:42:21.165+0200,spirituell,CATMA_C530CE53-BC35-4E6E-83D6-C90A6663C0BB,,,,,,,,,,,,,Schweiz,Tatbeschreibung,
93,30664,no_annotation_15,30517," ist für die vorliegende Untersuchung deshalb von In­ teresse, weil er häufig als Ausgangspunkt für weitere Formen des Missbrauchs  – insbesondere ",,,,,,,,,,,,,,,,,,Schweiz,,
94,30684,CATMA_3A626E14-A005-497C-8820-100DD55957EB,30664,sexuellen Missbrauch,-13101205,Mhuerten,2025-07-15T16:42:44.396+0200,nicht spezifizierte Taten,CATMA_B03D4763-9E0C-4E2D-9ACA-DD358DA82669,,,,,,,,,,,,,Schweiz,Tatbeschreibung,sexuell
95,30693,no_annotation_16,30684," – dient,",,,,,,,,,,,,,,,,,,Schweiz,,
96,30803,CATMA_6C7FC369-D56F-4047-9381-2A7C9C01F5ED,30693, diesen in einem sakralen und spi­ rituellen Kontext legitimiert und damit die betroffene Person gefügig macht,-10530760,Mhuerten,2025-07-15T16:43:08.383+0200,Anbahnung,CATMA_48E36190-A8C4-470D-8A64-D9D1D5E52BA2,,,,,,,,,,,,,Schweiz,Handeln der Beschuldigten,
97,30789,CATMA_BD3DE4E4-D16F-49A9-AAC4-D711126F21FD,30771, betroffene Person,-11911038,Mhuerten,2025-07-15T16:56:56.129+0200,Alter unklar,CATMA_FC6EDD7D-E034-4C5F-90CC-CFF5F2499E01,,,,,,,,,,,,,Schweiz,Alter (Betroffene),
98,30789,CATMA_64A31FF2-E92B-4435-8899-C249D163154E,30772,betroffene Person,-12849962,Mhuerten,2025-07-15T16:57:04.436+0200,unklar,CATMA_76B8CB6D-3A64-43A4-9962-48611A6D215E,,,,,,,,,,,,,Schweiz,Geschlecht (Betroffene),
99,30862,no_annotation_17,30803,.303  Ein Beispiel hierfür sind die dominikanischen Brüder ,,,,,,,,,,,,,,,,,,Schweiz,,
100,30869,CATMA_EC8C9FF4-E773-47F4-9941-42CDBDC84A26_0,30862,Thomas ,-5286262,Mhuerten,2025-07-15T16:43:59.398+0200,Rahmeninformationen Beschuldigte,CATMA_0E3DFEA2-E250-4580-BC82-29A15E865250,,,,1,,T-S-2,Kleriker,,,,,,Schweiz,Beschuldigte,
101,30899,CATMA_EC8C9FF4-E773-47F4-9941-42CDBDC84A26_1,30891,Philippe,-5286262,Mhuerten,2025-07-15T16:43:59.398+0200,Rahmeninformationen Beschuldigte,CATMA_0E3DFEA2-E250-4580-BC82-29A15E865250,,,,1,,T-S-2,Kleriker,,,,,,Schweiz,Beschuldigte,
102,30873,no_annotation_18,30869,und ,,,,,,,,,,,,,,,,,,Schweiz,,
103,30899,CATMA_1C823B4B-6ED1-48B6-B668-DAC7359C2893,30873,Marie-Domi­ nique Philippe,-5286262,Mhuerten,2025-07-15T16:44:23.057+0200,Rahmeninformationen Beschuldigte,CATMA_0E3DFEA2-E250-4580-BC82-29A15E865250,,,,1,männlich,T-S-3,Kleriker,,,,,,Schweiz,Beschuldigte,
104,30954,no_annotation_19,30899,. Diese gründeten Ende der 1950er Jahre jeweils eigene ,,,,,,,,,,,,,,,,,,Schweiz,,
105,30979,CATMA_84AC194C-219B-4112-AD66-EE7ECC228F4A,30954,religiöse  Gemeinschaften,-1092855,Mhuerten,2025-07-15T16:47:02.513+0200,Geistliche Gemeinschaften,CATMA_5D729A1E-3E29-459C-8D49-14B75702A681,,,,,,,,,,,,,Schweiz,Tatkonstellation,
106,31020,no_annotation_20,30979," in Frankreich, obwohl sie bereits zuvor ",,,,,,,,,,,,,,,,,,Schweiz,,
107,31072,CATMA_58E7658F-4B53-4B84-9C3F-CB22004E43BC,31020,wegen sexuellem Miss­ brauch verurteilt worden waren,-4765492,Mhuerten,2025-07-15T16:47:37.314+0200,Strafrechtlich,CATMA_B2A70BB2-B8E3-4CC6-AD7E-AC32AD8F0A83,relevant,,,,,,,,,,,,Schweiz,Framing der Taten,
108,31048,CATMA_2A81ECB1-3164-4B66-888D-9B30304D6918,31026,sexuellem Miss­ brauch,-13101205,Mhuerten,2025-07-15T16:47:21.614+0200,nicht spezifizierte Taten,CATMA_B03D4763-9E0C-4E2D-9ACA-DD358DA82669,,,,,,,,,,,,,Schweiz,Tatbeschreibung,sexuell
109,31074,no_annotation_21,31072,. ,,,,,,,,,,,,,,,,,,Schweiz,,
110,31085,CATMA_5F091550-90A2-4F82-9824-D467D885AB3B,31074,Betroffene ,-11911038,Mhuerten,2025-07-15T16:56:23.637+0200,Alter unklar,CATMA_FC6EDD7D-E034-4C5F-90CC-CFF5F2499E01,,,,,,,,,,,,,Schweiz,Alter (Betroffene),
111,31085,CATMA_BF5301E6-3782-4BC6-A810-2209BA3D4E6D,31074,Betroffene ,-12849962,Mhuerten,2025-07-15T16:56:15.588+0200,unklar,CATMA_76B8CB6D-3A64-43A4-9962-48611A6D215E,,,,,,,,,,,,,Schweiz,Geschlecht (Betroffene),
112,31099,no_annotation_22,31085,berichten von ,,,,,,,,,,,,,,,,,,Schweiz,,
113,31131,CATMA_9BB3CF6C-0D0E-4585-BDB6-915A46E42250,31099,schweren sexuellen  Missbräuchen,-13101205,Mhuerten,2025-07-15T16:47:52.792+0200,nicht spezifizierte Taten,CATMA_B03D4763-9E0C-4E2D-9ACA-DD358DA82669,Macht- und Abhängigkeitsverhältnis,,,,,,,,,,,,Schweiz,Tatbeschreibung,sexuell
114,31131,CATMA_7274ECFC-C9A5-4858-824E-C3D6502E0C7E,31099,schweren sexuellen  Missbräuchen,-13239067,Mhuerten,2025-07-15T16:51:30.242+0200,Missbrauch,CATMA_3B3B19B0-7DA0-4893-A328-7CF7A581786E,,,,,,,,,,,,,Schweiz,Framing der Taten,
115,31206,no_annotation_23,31131," in diesen Gemeinschaften. Im Rahmen der Gemeinschaft Saint  Jean, die von ",,,,,,,,,,,,,,,,,,Schweiz,,
116,31230,CATMA_E3B81DEB-41F1-4F79-8660-5E9F1FAE5305,31206,Marie-Dominique Philippe,-5286262,Mhuerten,2025-07-15T16:48:37.528+0200,Rahmeninformationen Beschuldigte,CATMA_0E3DFEA2-E250-4580-BC82-29A15E865250,,,,,,T-S-3,,,,,,,Schweiz,Beschuldigte,
117,31260,no_annotation_24,31230," gegründet wurde, habe dieser ",,,,,,,,,,,,,,,,,,Schweiz,,
118,31438,CATMA_44B040FB-42C1-439B-9B8B-5DA5BB3CF1DA,31260,mithilfe  seiner propagierten Theologie der «Liebesfreundschaft» Einfluss auf die Mitglie­ der der Gemeinschaft ausgeübt und sie so für den sexuellen Missbrauch gefügig  gemacht.,-10530760,Mhuerten,2025-07-15T16:49:13.233+0200,Anbahnung,CATMA_48E36190-A8C4-470D-8A64-D9D1D5E52BA2,,,,,,,,,,,,,Schweiz,Handeln der Beschuldigten,
119,31420,CATMA_3C1F10E7-CF88-45A4-B0A9-95D3E7CA3C76,31399, sexuellen Missbrauch,-13101205,Mhuerten,2025-07-15T16:49:42.088+0200,nicht spezifizierte Taten,CATMA_B03D4763-9E0C-4E2D-9ACA-DD358DA82669,Macht- und Abhängigkeitsverhältnis,,,,,,,,,,,,Schweiz,Tatbeschreibung,sexuell
120,31420,CATMA_CD556D3F-1D9B-4182-9B90-A6C405CB0E70,31400,sexuellen Missbrauch,-13239067,Mhuerten,2025-07-15T16:51:52.770+0200,Missbrauch,CATMA_3B3B19B0-7DA0-4893-A328-7CF7A581786E,,,,,,,,,,,,,Schweiz,Framing der Taten,
121,31462,CATMA_0CB5D0BA-B8D4-4EA2-8B9C-EF6807CF6A65,31438, Spiritueller Missbrauch,-13239067,Mhuerten,2025-07-15T16:52:04.406+0200,Missbrauch,CATMA_3B3B19B0-7DA0-4893-A328-7CF7A581786E,,,,,,,,,,,,,Schweiz,Framing der Taten,
122,31462,CATMA_94B43ABC-7D6F-4FF0-A788-263DD42AC14B,31439,Spiritueller Missbrauch,-2367366,Mhuerten,2025-07-15T16:50:18.486+0200,spirituell,CATMA_C530CE53-BC35-4E6E-83D6-C90A6663C0BB,,,,,,,,,,,,,Schweiz,Tatbeschreibung,
123,31560,CATMA_61132664-7878-41E9-BAB7-D5CEBDEDA1BA,31440,"piritueller Missbrauch ermöglichte ihm, den von ihm begangenen se­ xuellen Missbrauch zu legitimieren und zu verteidigen",-10530760,Mhuerten,2025-07-15T16:50:58.245+0200,Anbahnung,CATMA_48E36190-A8C4-470D-8A64-D9D1D5E52BA2,,,,,,,,,,,,,Schweiz,Handeln der Beschuldigten,
124,31525,CATMA_C39504A4-4F8A-49F6-820D-A72D5869D8E8,31503,se­ xuellen Missbrauch,-13239067,Mhuerten,2025-07-15T16:52:15.748+0200,Missbrauch,CATMA_3B3B19B0-7DA0-4893-A328-7CF7A581786E,,,,,,,,,,,,,Schweiz,Framing der Taten,
125,31525,CATMA_2A0E25F1-82DC-432E-AFB6-E7BFDE1B9415,31503,se­ xuellen Missbrauch,-13101205,Mhuerten,2025-07-15T16:50:45.625+0200,nicht spezifizierte Taten,CATMA_B03D4763-9E0C-4E2D-9ACA-DD358DA82669,Macht- und Abhängigkeitsverhältnis,,,,,,,,,,,,Schweiz,Tatbeschreibung,sexuell
126,33076,no_annotation_25,31560,".304 Spirituelle und sexuelle Missbräuche werden zusätzlich durch in der katho­ lischen Kirche weit verbreitete Tabuisierungen begünstigt. Besonders die ka­ tholische Sexualmoral ist ein wichtiges Charakteristikum, das sich auf den Um­ gang mit und auf das Sprechen über sexuellen Missbrauch auswirkte.305  297	 Praz; Avvanzino; Crettaz, Institut Marini, S. 72. 298	 Wagner, Spiritueller Missbrauch in der katholischen Kirche. 299	 Wagner; Schönborn; Meinig, Schuld und Verantwortung. 300	 Zafar, «Gott will dir seine besondere Gnade schenken» in: WDR, 15.11.2022, www1.wdr.de/ nachrichten/spiritueller-missbrauch-manipulation-katholische-kirche-100.html, Stand: 20.04.2023. 301	 Wagner, Spiritueller Missbrauch in der katholischen Kirche, S. 22. 302	 «Des petites choses qui s’accumulent viennent humilier la personne, la diriger, la déposséder petit  à petit d’elle-même.» Casgrain, «Je n’ai pas été violé, mais victime d’abus spirituel», in: cath.ch, 16.03.2021,  www.cath.ch/newsf/je-nai-pas-ete-violee-mais-victime-dabus-spirituel/, Stand: 20.04.2023. 303	 Haslbeck; Hürten; Leimgruber, Missbrauchsmuster, in: feinschwarz.net, 19.12.2022, www.fein­ schwarz.net/missbrauchsmuster/, Stand: 20.04.2023. 304	 Cavalin, L’Affaire. 305	 Aschmann, Katholische Dunkelräume. Eine Einleitung, S. XVI. 

#######################

Seite 81

81 5. Räume des Missbrauchs Ein wichtiger Aspekt der katholischen Sexualmoral im religiösen Umfeld ist  das Bekenntnis des Klerus und von Ordensmitgliedern zum zölibatären Le­ ben.306 ",,,,,,,,,,,,,,,,,,Schweiz,,
127,33088,S-6,33076,Nachweisbar ,-399266,Mhuerten,2025-07-15T16:53:20.208+0200,Start,CATMA_7C23CC13-B5FE-4F69-AAB7-935F31D614C3,,,,,,,,,,,,,Schweiz,Relevante Textstelle,
128,33177,no_annotation_26,33088,wurde das Gelübde des Zölibats in der Schweiz im Unter­ suchungszeitraum von zahlreichen ,,,,,,,,,,,,,,,,,,Schweiz,,
129,33187,CATMA_82789688-F650-4915-9D69-09F18CA7083F,33177,Priestern ,-7143428,Mhuerten,2025-07-15T16:53:45.402+0200,Kleriker,CATMA_C5C97E2C-3134-4D0E-B852-01932DB00047,,,,,,,,,,,,,Schweiz,Beschuldigte,
130,33191,no_annotation_27,33187,und ,,,,,,,,,,,,,,,,,,Schweiz,,
131,33204,CATMA_3DB858E8-4BB8-489D-AEF2-129D8B88BD75,33191,Ordensleuten ,-7143428,Mhuerten,2025-07-15T16:54:19.656+0200,Kleriker,CATMA_C5C97E2C-3134-4D0E-B852-01932DB00047,,,,,,,,,,,,,Schweiz,Beschuldigte,
132,33204,CATMA_13492CDD-BEED-41B5-94BF-EEC880181845,33191,Ordensleuten ,-13459949,Mhuerten,2025-07-15T16:54:27.542+0200,Nicht-Kleriker,CATMA_82A44BD7-8701-4E4B-8245-FEB4B4A8FA46,,männlich,,,,,,,,,,,Schweiz,Beschuldigte,
133,33243,no_annotation_28,33204,gebrochen. Be­ rühmtestes Beispiel ist ,,,,,,,,,,,,,,,,,,Schweiz,,
134,33257,CATMA_E5DB9660-8B9D-43E2-A199-ABEFCCB65852,33243,Hansjörg Vogel,-5286262,Mhuerten,2025-07-15T16:54:47.057+0200,Rahmeninformationen Beschuldigte,CATMA_0E3DFEA2-E250-4580-BC82-29A15E865250,,,,1,männlich,T-S-4,Kleriker,,,,,,Schweiz,Beschuldigte,
135,33314,no_annotation_29,33257,", der 1994 zum Bischof von Basel gewählt  wurde. Bereits ",,,,,,,,,,,,,,,,,,Schweiz,,
136,33318,CATMA_B88698C8-C954-4986-A9D6-631F310EA0E5,33314,1995,-1617703,Mhuerten,2025-07-15T16:55:25.516+0200,Tat,CATMA_EFC508B6-1D39-44DB-BF7F-2446A3582795,,,,,,,,,,,,,Schweiz,Zeit,
137,33319,no_annotation_30,33318, ,,,,,,,,,,,,,,,,,,Schweiz,,
138,33340,CATMA_7CC29616-8ECF-454D-AA73-48045626B8DE,33319,trat er wieder zurück,-10801023,Mhuerten,2025-07-15T16:58:10.801+0200,Weiteres Handeln der Beschuldigten,CATMA_90CB3A2D-7E2C-466B-B8B1-CF73F0E8667D,,,,,,,,,,,,,Schweiz,Handeln der Beschuldigten,
139,33352,no_annotation_31,33340,", weil eine ",,,,,,,,,,,,,,,,,,Schweiz,,
140,33356,CATMA_464B0378-D8DE-49B2-952C-1D9E75375769,33352,Frau,-9258422,Mhuerten,2025-07-15T16:55:40.480+0200,Rahmeninformationen Betroffene,CATMA_1CC42082-7E15-4731-8570-71F4F74C8D9F,,,,,,,,erwachsen,1,weiblich,B-S-2,,Schweiz,Betroffene,
141,33391,no_annotation_32,33356,", die er «von früher her  kannte», ",,,,,,,,,,,,,,,,,,Schweiz,,
142,33417,CATMA_7B8FC079-7B4E-4288-9158-ABEC63592C52,33391,ein Kind von ihm erwartete,-10110086,Mhuerten,2025-07-15T16:57:37.104+0200,reproduktiv,CATMA_3682F6D4-14B9-4D91-A8A9-61D24BC6A908,,,,,,,,,,,,,Schweiz,Tatbeschreibung,
143,33417,CATMA_15A3F87F-39BC-4024-8EE5-25D6E94E0479,33391,ein Kind von ihm erwartete,-5482776,Mhuerten,2025-07-15T16:57:26.254+0200,Penetration,CATMA_CB3D856C-2196-4C71-A39A-BA3AF849F0A9,,,,,,,,,,,,,Schweiz,Tatbeschreibung,sexuell
144,33419,no_annotation_33,33417,. ,,,,,,,,,,,,,,,,,,Schweiz,,
145,33488,CATMA_BE62E031-9B4C-4DCC-B35B-BDBC0C361EDB,33419,Nach seinem Rücktritt zog er sich aus der  kirchlichen Arbeit zurück.,-10801023,Mhuerten,2025-07-15T16:58:21.973+0200,Weiteres Handeln der Beschuldigten,CATMA_90CB3A2D-7E2C-466B-B8B1-CF73F0E8667D,,,,,,,,,,,,,Schweiz,Handeln der Beschuldigten,
146,33620,no_annotation_34,33488,"307 Dies ist keineswegs ein Einzelfall: Zahlreiche Do­ kumente in den kirchlichen Archiven, aber auch die Existenz von Gruppen wie  ",,,,,,,,,,,,,,,,,,Schweiz,,
147,33688,CATMA_06A9D2E3-5690-4FA1-96BE-FAE03204DE32,33620,Zöfra – der Verein der vom Zölibat betroffenen Frauen in der Schweiz,-15895942,Mhuerten,2025-07-15T16:59:56.464+0200,Betroffene,CATMA_651A25AF-4812-44F4-93CD-2E2762CA7948,direkt,,,,,,,,,,,,Schweiz,Zitat,
148,33688,CATMA_EC2D8706-59F0-4D5D-B14C-75386059F4F3,33620,Zöfra – der Verein der vom Zölibat betroffenen Frauen in der Schweiz,-9566039,Mhuerten,2025-07-15T16:59:46.536+0200,Zölibatsverstoß,CATMA_FF84C8AC-BA1D-4290-AAEB-8100EDC4076E,,,,,,,,,,,,,Schweiz,Framing der Taten,
149,33674,CATMA_BBA33696-E402-4573-BD36-72571B6E6AB5,33667,Frauen ,-13288961,Mhuerten,2025-07-15T17:00:39.473+0200,weiblich,CATMA_CC68784B-9178-4E0A-B4A0-5513728C0DB5,,,,,,,,,,,,,Schweiz,Geschlecht (Betroffene),
150,33669,CATMA_3F16AB53-B621-4449-9A42-3BD439964B85_0,33667,Fr,-725551,Mhuerten,2025-07-15T17:00:23.613+0200,erwachsen,CATMA_EE521272-8EC0-40AC-968A-7EFB4F8B21F5,,,,,,,,,,,,,Schweiz,Alter (Betroffene),
151,33674,CATMA_3F16AB53-B621-4449-9A42-3BD439964B85_1,33668,rauen ,-725551,Mhuerten,2025-07-15T17:00:23.613+0200,erwachsen,CATMA_EE521272-8EC0-40AC-968A-7EFB4F8B21F5,,,,,,,,,,,,,Schweiz,Alter (Betroffene),
152,33803,no_annotation_35,33688,"308 – und  ihre hohe Mitgliederzahl zeigen auf, dass sich in der Untersuchungsperiode  eine bemerkenswerte Zahl an ",,,,,,,,,,,,,,,,,,Schweiz,,
153,33813,CATMA_EC598AA5-A0D0-499B-A3D0-4D1736B77697,33803,Priestern ,-7143428,Mhuerten,2025-07-15T17:00:54.216+0200,Kleriker,CATMA_C5C97E2C-3134-4D0E-B852-01932DB00047,,,,,,,,,,,,,Schweiz,Beschuldigte,
154,33845,no_annotation_36,33813,nicht an das Gebot des Zölibats ,,,,,,,,,,,,,,,,,,Schweiz,,
155,39418,no_annotation_37,33850,".  Aus verschiedenen Gesprächen geht hervor, dass der Zölibat in der Ausbildung  von Priestern und Ordensmitgliedern lange Zeit nur ungenügend thematisiert  wurde, obwohl sich dabei oft noch sehr junge Menschen zur lebenslangen  Enthaltsamkeit verpflichten.309 Problematiken, die sich einerseits aus der se­ xuellen Enthaltsamkeit, andererseits aus dem lebenslangen Fehlen einer kör­ perlichen und teilweise auch emotionalen Beziehung ergeben, wurden in den  privaten und individuellen Bereich verschoben, die Herausforderungen dieser  «Prüfung» sollten dabei durch Glauben, Gebet und die Unterstützung Gottes gelöst werden. Dadurch, dass gemäss katholischer Sexualmoral die meisten Ausprägungen  von Sexualität verboten waren, stellte das kirchliche Recht entsprechend auch  keine wirklichen Abstufungen von Verstössen zur Verfügung. So galt «homose­ xuelles Fehlverhalten» von Klerikern bis zu den Änderungen des Kanonischen  Rechts 1983 als besonders schwere Straftat, die neben sexuellem Missbrauch  und Sodomie in einer Reihe stand.310 Obwohl Homosexualität im ausgehenden  20. Jahrhundert nicht mehr strikt verfolgt wurde, vermittelten Vertreterinnen  und Vertreter der katholischen Kirche nach wie vor eine homophobe Kultur, in  welcher die Ablehnung homosexueller Neigungen und gleichgeschlechtlicher  Beziehungen einen wichtigen Platz einnahm.311 Tatsächlich deuten verschiedene  Studien jedoch auf einen deutlich höheren Anteil an homosexuellen Männern  im katholischen Kontext im Vergleich zu der Gesamtbevölkerung hin.312 Trotz  der Ächtung der Homosexualität zogen also kirchliche Institutionen zahlrei­ che Personen an, deren Lebensweise sie eigentlich verurteilten – die Kirche bot  einen Zufluchtsort vor der Gewalt, die sie selbst zu verbreiten half.313 Entspre­ chend erschwert sind Untersuchungen in diesem Bereich. Diese Spezifika der katholischen Kirche gilt es in zukünftigen Untersuchun­ gen näher in den Blick zu nehmen. Es ist zu klären, was Missbräuche in der ka­ tholischen Kirche begünstigt, was sie von Missbräuchen in anderen Räumen  unterscheidet – was der spezifische «katholische Geschmack» ist. Hierfür muss  306	 Ebd.; Dressing; Salize; Dölling u. a., Sexueller Missbrauch an Minderjährigen im Bereich der D. K.  S. 12. 307	 Leimgruber; Ries; Fink, Bischöfe von Basel, S. 399–400. 308	 Verein der vom Zölibat betroffenen Frauen, www.zoefra.ch/, Stand: 20.04.2023. 309	 Eine Pionierstudie zu diesem Thema erschien bereits 1955: Crottogini, Werden und Krise des Pries­ terberufes. 310	 Kongregation für die Glaubenslehre, Geschichtliche Einführung, www.vatican.va/resources/re­ sources_introd-storica_ge.html, Stand: 20.04.2023. 311	 Zum aktuellen Forschungsstand zu internalisierter Homonegativität in der katholischen Kirche vgl.  Schläfli, Religiös und LGBTQIA+, S. 11–12. 312	 Grossbölting, Die schuldigen Hirten, S. 119; Martel, Sodom; Rothe, Gewollt. Geliebt. Gesegnet; Tri­ cou, Des soutanes et des hommes. 313	 Notizen von Guilhem Lavignotte. Mail an das Forschungsteam vom 17.03.2023. 

#######################

Seite 92

Bericht zum Pilotprojekt zur Geschichte sexuellen Missbrauchs im Umfeld  der römisch-katholischen Kirche in der Schweiz seit Mitte des 20. Jahrhunderts 92 berichtet werden. Wir tun das gewöhnlich nicht, damit die Priester nach Ver­ büssung der Strafe leichter wieder irgendwo verwendet werden können.»355 In einem anderen Fall aus den 1980er Jahren schrieb der damalige Bischof  von St. Gallen, Otmar Mäder, er müsse einem Priester notfalls «[…] den kirchen­ rechtlichen Prozess androhen. Material hätte ich jetzt genug beisammen. Al­ lerdings ist das ein Weg, den ich deswegen nicht schätze, weil er ausserordent­ lich lange geht. Denn er ist nur über Rom möglich.»356 Auch in diesem Fall kann  schlussendlich kein kirchenrechtliches Verfahren nachgewiesen werden. Ab 2010, dem Jahr, in dem in der Schweiz zahlreiche Missbrauchsfälle öffent­ lich diskutiert wurden, wurde die Verpflichtung zu kirchlichen Strafverfahren  und zu Meldungen von Fällen sexuellen Missbrauchs an Minderjährigen nach  Rom konsequenter umgesetzt. Im Bistum Basel schrieb Bischof Felix Gmür zu  einem Fall, der dem Fachgremium 2018 gemeldet wurde: «Auch wenn die Vor­ würfe der mutmasslichen sexuellen Übergriffe von 1995–1998 gemäss zivilem  und kirchlichem Recht bereits verjährt waren, war ich verpflichtet, als Bischof  von Basel am […] 2019 eine kanonische Voruntersuchung gemäss cc 1717–1719 CIC  zu eröffnen und […] eine Meldung an die Staatsanwaltschaft 2 in Emmenbrücke  aufgrund Art. 187 StGB sowie Art. 188 StGB zu erstatten.»357 Diese heute gültigen  Regeln des Umgangs der katholischen Kirche mit Fällen sexuellen Missbrauchs,  welche Bischof Gmür zu diesem Vorgehen verpflichteten, finden sich in den va­ tikanischen «Substantiellen Normen über Straftaten, die der Kongregation für  die Glaubenslehre reserviert sind». Zu bemerken ist, dass einzelne Regelungen  erst im Laufe der Zeit in die Normen aufgenommen wurden und deshalb zuvor  nicht durch die Kongregation für Glaubenslehre358 geahndet wurden, also auch  nicht nach Rom gemeldet werden mussten. So wurde die von einem Kleriker mit  einer/einem Minderjährigen begangene Straftat gegen das sechste Gebot erst  2001 explizit in den Katalog aufgenommen und erst 2019 eine kircheninterne  Meldepflicht eingeführt.359 Die Einordnung und Sanktionierungspraxis sexuellen Missbrauchs durch  kirchliche Gerichte auf Basis des CIC geht aber auch heute noch kaum mit einer  gesellschaftlichen Wahrnehmung des Schweregrads und der Bedeutung solcher  Vergehen einher. ",,,,,,,,,,,,,,,,,,Schweiz,,
156,39422,S-7,39418,Die ,-399266,Mhuerten,2025-07-15T17:01:24.490+0200,Start,CATMA_7C23CC13-B5FE-4F69-AAB7-935F31D614C3,,,,,,,,,,,,,Schweiz,Relevante Textstelle,
157,39476,no_annotation_38,39422,in Frankreich medial diskutierte Affäre rund um einen ,,,,,,,,,,,,,,,,,,Schweiz,,
158,39485,CATMA_236F465F-2498-4083-9C5D-634116BBB74C,39476, Jesuiten,-5286262,Mhuerten,2025-07-15T17:03:06.845+0200,Rahmeninformationen Beschuldigte,CATMA_0E3DFEA2-E250-4580-BC82-29A15E865250,,,,1,männlich,T-S-5,Kleriker,,,,,,Schweiz,Beschuldigte,
159,39646,no_annotation_39,39485,"360 zeigt deutlich, wie viel Spielraum das kanonische Recht auch heute  noch lässt und wie wenig geeignet es deshalb als Werkzeug der Sanktionierung  von Fällen ",,,,,,,,,,,,,,,,,,Schweiz,,
160,39667,CATMA_E0A97EA4-B7FA-4C9B-B912-AA7B2CEF2291,39646,sexuellen Missbrauchs,-13101205,Mhuerten,2025-07-15T17:03:46.451+0200,nicht spezifizierte Taten,CATMA_B03D4763-9E0C-4E2D-9ACA-DD358DA82669,,,,,,,,,,,,,Schweiz,Tatbeschreibung,sexuell
161,39667,CATMA_FC58E06C-C7D5-49CD-85EA-DA3131182645,39646,sexuellen Missbrauchs,-13239067,Mhuerten,2025-07-15T17:04:01.848+0200,Missbrauch,CATMA_3B3B19B0-7DA0-4893-A328-7CF7A581786E,,,,,,,,,,,,,Schweiz,Framing der Taten,
162,39730,no_annotation_40,39667, ist. 2018 kam es zu einer ersten kanonischen Untersuchung der ,,,,,,,,,,,,,,,,,,Schweiz,,
163,39786,CATMA_C5AA79E3-5996-4DDA-897E-D6B45A160E93,39730,Vorwürfe wegen  spirituellen sowie sexuellen Missbrauchs,-13239067,Mhuerten,2025-07-15T17:04:51.659+0200,Missbrauch,CATMA_3B3B19B0-7DA0-4893-A328-7CF7A581786E,,,,,,,,,,,,,Schweiz,Framing der Taten,
164,39758,CATMA_3EB71DB2-E2DD-47F2-883E-8E07C4EF1C65_0,39730,Vorwürfe wegen  spirituellen,-2367366,Mhuerten,2025-07-15T17:04:24.545+0200,spirituell,CATMA_C530CE53-BC35-4E6E-83D6-C90A6663C0BB,,,,,,,,,,,,,Schweiz,Tatbeschreibung,
165,39786,CATMA_3EB71DB2-E2DD-47F2-883E-8E07C4EF1C65_1,39775,Missbrauchs,-2367366,Mhuerten,2025-07-15T17:04:24.545+0200,spirituell,CATMA_C530CE53-BC35-4E6E-83D6-C90A6663C0BB,,,,,,,,,,,,,Schweiz,Tatbeschreibung,
166,39786,CATMA_B4C1AA0E-33B3-4731-9CAB-5AD2F475070A,39765,sexuellen Missbrauchs,-13101205,Mhuerten,2025-07-15T17:04:40.327+0200,nicht spezifizierte Taten,CATMA_B03D4763-9E0C-4E2D-9ACA-DD358DA82669,,,,,,,,,,,,,Schweiz,Tatbeschreibung,sexuell
167,39850,no_annotation_41,39786," gegen den Jesuiten. In einer Befragung  warf ihm eine Frau vor,",,,,,,,,,,,,,,,,,,Schweiz,,
168,39870,CATMA_A0B73DE4-828F-49D2-A153-EA665505AFCD,39850, sexuelle Übergriffe,-4765492,Mhuerten,2025-07-15T17:07:34.043+0200,Strafrechtlich,CATMA_B2A70BB2-B8E3-4CC6-AD7E-AC32AD8F0A83,relevant,,,,,,,,,,,,Schweiz,Framing der Taten,
169,39879,CATMA_E64EDFCF-D3A0-4F38-9BC0-1D173CECEEB9,39851,sexuelle Übergriffe begangen,-13101205,Mhuerten,2025-07-15T17:05:57.648+0200,nicht spezifizierte Taten,CATMA_B03D4763-9E0C-4E2D-9ACA-DD358DA82669,,,,,,,,,,,,,Schweiz,Tatbeschreibung,sexuell
170,39906,no_annotation_42,39879, sowie daran anschliessend ,,,,,,,,,,,,,,,,,,Schweiz,,
171,39931,CATMA_88E47F97-9ECF-4123-A6ED-4218D2867A97,39906, einer beteiligten Person,-9258422,Mhuerten,2025-07-15T17:06:18.961+0200,Rahmeninformationen Betroffene,CATMA_1CC42082-7E15-4731-8570-71F4F74C8D9F,,,,,,,,erwachsen,1,weiblich,B-S-3,,Schweiz,Betroffene,
172,39946,CATMA_5C023DE0-9DFE-439F-AE6E-584D6CF1CA02,39906, einer beteiligten Person die Absolution,-16721871,Mhuerten,2025-07-15T17:07:02.393+0200,Kirchenrechtlich,CATMA_5627441E-9527-4A3F-BC56-E783D29ACECA,relevant,,,,,,,,,,,,Schweiz,Framing der Taten,
173,39963,CATMA_DCE077FD-3EF5-4F68-8FD7-3C7633A3676B,39907,einer beteiligten Person die Absolution erteilt zu haben,-15715508,Mhuerten,2025-07-15T17:06:12.396+0200,weitere Vorwürfe,CATMA_9D8A2C3C-FAFB-49B1-825B-C2911B55A40D,,,,,,,,,,,,,Schweiz,Tatbeschreibung,
174,40059,no_annotation_43,39963,. Diese absolutio complicis  wird auf Deutsch mit «Lossprechung eines Mitschuldigen» übersetzt. ,,,,,,,,,,,,,,,,,,Schweiz,,
175,40147,CATMA_82FFE0A5-5628-4AC8-AFF8-C7F38DBC11A6_0,40059,Die Kon­ gregation für die Glaubenslehre bestrafte den Jesuiten – allerdings ausschliess,-9403721,Mhuerten,2025-07-15T17:08:17.761+0200,"Maßnahme, Strafe",CATMA_3A4B3749-0203-4919-9554-D54C3318A625,,,,,,,,,,,,,Schweiz,Handeln der Bistumsverantwortlichen,Vorgehen
176,41430,CATMA_82FFE0A5-5628-4AC8-AFF8-C7F38DBC11A6_1,41306," lich wegen des zweiten Tatbestands, der Absolution – mit der Höchststrafe in  der katholischen Kirche: der Exkommunikation.",-9403721,Mhuerten,2025-07-15T17:08:17.761+0200,"Maßnahme, Strafe",CATMA_3A4B3749-0203-4919-9554-D54C3318A625,,,,,,,,,,,,,Schweiz,Handeln der Bistumsverantwortlichen,Vorgehen
177,41306,no_annotation_44,40147,"­ 355	 Siehe Kapitel 6a; Bischöfliches Archiv des Bistums Basel, Personaldossier G. A. 356	 Bischöfliches Archiv des Bistums St. Gallen, Personalakte R. L. 357	 Archiv des diözesanen Fachgremiums Basel, E. C. 358	 Die ehemalige Kongregation für die Glaubenslehre heisst seit dem 5. Juni 2022 Dikasterium für die  Glaubenslehre. 359	 Grossbölting, Die schuldigen Hirten, S. 71–74. Siehe Kapitel 3c. Alle Kleriker und Angehörige eines  Instituts des geweihten Lebens oder einer Gesellschaft des apostolischen Lebens, die Kenntnis von einem  Fall eines möglichen Sexualdelikts durch Kleriker oder Ordensleute haben, wurden explizit verpflichtet  «die Tatsache beizeiten dem Ordinarius des Ortes, wo die Taten stattgefunden haben sollen, oder einem  anderen Ordinarius gemäss can. 134 CIC und can. 984 CCEO zu melden.», Art. 3 § 1 Motu Proprio Vos estis  lux mundi vom 7.5.2019. 360	 Rivallain, Comprendre l’affaire Rupnik, in: La Vie, 27.12.2022, www.lavie.fr/christianisme/eglise/ comprendre-laffaire-rupnik-en-six-grandes-questions-85968.php, Stand: 20.04.2023. 

#######################

Seite 93

93 6. Umgang der katholischen Kirche mit sexuellem Missbrauch",,,,,,,,,,,,,,,,,,Schweiz,,
178,41432,no_annotation_45,41430, F,,,,,,,,,,,,,,,,,,Schweiz,,
179,41605,CATMA_2FD6BA2B-27BC-42EE-895D-BCFD4150DB91,41432,ür den Straftatbestand des  sexuellen Missbrauchs hob die Kongregation für die Glaubenslehre die Verjäh­ rung nicht auf und verfolgte die Vorwürfe entsprechend nicht weiter.,-5632485,Mhuerten,2025-07-15T17:08:40.136+0200,Verzögerung,CATMA_86272FE8-18AD-46EB-B7C0-40B75F016B67,Untätigkeit,,,,,,,,,,,,Schweiz,Handeln der Bistumsverantwortlichen,Neutralisierung
180,41606,no_annotation_46,41605, ,,,,,,,,,,,,,,,,,,Schweiz,,
181,41759,CATMA_5167B6B3-A68C-4B0A-BFDE-A9DCD5B2A082,41606,"Die ausge­ sprochene Exkommunikation wurde noch im selben Monat aufgehoben, was bei  dieser Strafe häufig der Fall ist, insofern der Täter geständig ist.",-2587561,Mhuerten,2025-07-15T17:09:00.929+0200,keine Konsequenzen,CATMA_F3B42D93-42A0-40F7-AF5D-CF0D86BB0A5A,,,,,,,,,,,,,Schweiz,Handeln der Bistumsverantwortlichen,Vorgehen
182,41755,CATMA_4B8408D8-2AC6-479B-A4D5-62DE7F473CC3,41745,geständig ,-11832550,Mhuerten,2025-07-15T17:09:13.841+0200,Geständnis,CATMA_EEA0D644-183C-4A2F-91DC-0F509FE577CD,,,,,,,,,,,,,Schweiz,Handeln der Beschuldigten,
183,41910,no_annotation_47,41759," Dass der Täter  einer «mitschuldigen» Person die Absolution erteilt hatte, wurde in diesem Fall  also kirchenrechtlich bestraft, während bezüglich des",,,,,,,,,,,,,,,,,,Schweiz,,
184,41932,CATMA_FF0EADB7-8DE2-4453-AFB9-7C0A5A12696B,41910, sexuellen Missbrauchs,-13239067,Mhuerten,2025-07-15T17:10:14.793+0200,Missbrauch,CATMA_3B3B19B0-7DA0-4893-A328-7CF7A581786E,,,,,,,,,,,,,Schweiz,Framing der Taten,
185,41932,CATMA_7EAEB6E0-3A12-45C4-AB4E-1CCA63882BDE,41910, sexuellen Missbrauchs,-13101205,Mhuerten,2025-07-15T17:10:05.388+0200,nicht spezifizierte Taten,CATMA_B03D4763-9E0C-4E2D-9ACA-DD358DA82669,,,,,,,,,,,,,Schweiz,Tatbeschreibung,sexuell
186,41937,no_annotation_48,41932, an  ,,,,,,,,,,,,,,,,,,Schweiz,,
187,41960,CATMA_35DF5F76-E4AD-4F9D-A01E-C0EAD2D1232E,41937,ungefähr zwanzig Frauen,-9258422,Mhuerten,2025-07-15T17:10:24.165+0200,Rahmeninformationen Betroffene,CATMA_1CC42082-7E15-4731-8570-71F4F74C8D9F,,,,,,,,erwachsen,ca. 20,weiblich,B-S-u,,Schweiz,Betroffene,
188,42021,no_annotation_49,41960, nicht einmal ein kirchenrechtliches Verfahren ange­ strengt ,,,,,,,,,,,,,,,,,,Schweiz,,
189,45123,no_annotation_50,42026,".361 Auch in der Schweiz sind ähnliche Fälle dokumentiert. So ist aus den konsul­ tierten Quellen ein Fall aus dem Bistum St. Gallen bekannt, in dem der beschul­ digte Priester 2019 ebenfalls wegen einer absolutio complicis von der Kongrega­ tion für die Glaubenslehre verurteilt wurde, daraufhin seine Reue bekannte und  im selben Standardprozedere wie oben beschrieben von der zuvor ausgespro­ chenen Exkommunikation befreit wurde. Bemerkenswert bei dieser Strafe ist, dass die Person, welcher der Täter die  Absolution erteilt, gleichzeitig die betroffene Person des sexuellen Missbrauchs  ist. In dieser Logik ist die betroffene Person mitschuldig am erlebten sexuellen  Missbrauch. Im Schweizer Fall hob das Dikasterium die Verjährung der Taten  allerdings auf und neben der Exkommunikation wurde dem sich bereits im Ru­ hestand befindlichen Priester aufgrund des begangenen sexuellen Missbrauchs  untersagt, das Priesteramt weiterhin auszuüben sowie mit dem Betroffenen  Kontakt aufzunehmen. Die absolutio complicis wog in der kirchlichen Logik aber  auch hier bedeutend schwerer als der jahrelange sexuelle Missbrauch einer min­ derjährigen Person und wurde entsprechend bedeutend härter bestraft. Dass  diese Haltung einen Einfluss auf das Verhalten von Klerikern haben kann, zeigt  die Reaktion des Beschuldigten. Während er auf den sexuellen Missbrauch nicht  weiter einging, wehrte er sich in mehreren Briefen gegen den Vorwurf der abso­ lutio complicis – vermutlich wissend um die möglichen schwerwiegenden Kon­ sequenzen.362 c. Fachgremien «Sexuelle Übergriffe» ab 2002 Als der in den vorangegangenen Kapiteln vorgestellte Umgang der katholischen  Kirche, der vor allem aus Verschweigen und Vertuschen von Missbrauchsfällen  und dem Versetzen von beschuldigten und überführten Klerikern bestand, im­ mer öfters für Skandale sorgte, sahen sich die Verantwortlichen zum Handeln  gezwungen. Unter dem Druck einiger bekanntgewordener Fälle, die in den frü­ hen 2000er Jahren für grosse öffentliche Empörung sorgten, bildete die Schwei­ zer Bischofskonferenz 2001 eine Fachgruppe zum Thema. Ende 2002 erliess  die SBK dann erstmalig ihre «Richtlinien für die Diözesen der Schweizer Bi­ schofskonferenz betreffend sexuelle Übergriffe in der Seelsorge». Darin wurde  nicht nur das Verhalten der Bistümer bei der Entdeckung sexueller Übergriffe  thematisiert, sondern zugleich die «Einsetzung eines Fachgremiums ‹Sexuelle  Übergriffe in der Pastoral› […], die aus Vertretern der Kirche und Fachleuten  bezüglich der psychologischen, sozialen und rechtlichen Aspekte sexueller  361	 Lebrun, Affaire Rupnik, in: La Vie, 21.02.2023, www.lavie.fr/christianisme/eglise/affaire-rupnik- 15-nouvelles-victimes-30-ans-dabus-et-une-procedure-interminable-87113.php, Stand: 20.04.2023. 362	 Geheimarchiv des Bistums St. Gallen, Mappe Strafverfahren S.N. 

#######################

Seite 96

Bericht zum Pilotprojekt zur Geschichte sexuellen Missbrauchs im Umfeld  der römisch-katholischen Kirche in der Schweiz seit Mitte des 20. Jahrhunderts 96 Fallbeispiel zur Entwicklung des Fachgremiums St. Gallen ",,,,,,,,,,,,,,,,,,Schweiz,,
190,45126,S-8,45123,Im ,-399266,Mhuerten,2025-07-15T17:30:05.358+0200,Start,CATMA_7C23CC13-B5FE-4F69-AAB7-935F31D614C3,,,,,,,,,,,,,Schweiz,Relevante Textstelle,
191,45199,no_annotation_51,45126,ersten Jahr seiner Existenz behandelte das Fachgremium St. Gallen zwölf  ,,,,,,,,,,,,,,,,,,Schweiz,,
192,45226,CATMA_BF04C2B2-6531-4832-AFFE-AA18E3858AF1,45199,Fälle sexuellen Missbrauchs,-13101205,Mhuerten,2025-07-15T17:31:12.336+0200,nicht spezifizierte Taten,CATMA_B03D4763-9E0C-4E2D-9ACA-DD358DA82669,,,,,,,,,,,,,Schweiz,Tatbeschreibung,sexuell
193,45251,no_annotation_52,45226,. Einer davon betraf den ,,,,,,,,,,,,,,,,,,Schweiz,,
194,45264,CATMA_D73E08F0-F38E-4572-8046-A4779E31F2C4,45251,Priester E. M,-5286262,Mhuerten,2025-07-15T17:31:28.095+0200,Rahmeninformationen Beschuldigte,CATMA_0E3DFEA2-E250-4580-BC82-29A15E865250,,,,1,männlich,T-S-6,,,,,,,Schweiz,Beschuldigte,
195,45266,no_annotation_53,45264,. ,,,,,,,,,,,,,,,,,,Schweiz,,
196,45275,CATMA_DC3D1238-8A85-471D-9B77-34348E05025E,45266,Eine Frau,-9258422,Mhuerten,2025-07-15T17:32:16.968+0200,Rahmeninformationen Betroffene,CATMA_1CC42082-7E15-4731-8570-71F4F74C8D9F,,,,,,,,"['erwachsen', 'minderjährig']",,weiblich,B-S-4,,Schweiz,Betroffene,
197,45472,CATMA_4960B31C-2122-4CB0-A753-D714D01AD714,45267,ine Frau  hatte sich im April 2002 gemeldet und sowohl von in ihrer Kindheit durch E. M.  erlebte Übergriffe als auch von grenzüberschreitendem Verhalten desselben  Priesters im Erwachsenenalter berichtet.,-5775611,Mhuerten,2025-07-15T17:33:42.689+0200,Meldung,CATMA_4B58BD11-F55C-4E4B-A09C-474BD5D22CE0,,,,,,,,,,,,,Schweiz,Handeln der Betroffenen,
198,45301,CATMA_1F2881AD-34C6-4941-81FA-212579AE2F84,45291,April 2002,-4884623,Mhuerten,2025-07-15T17:33:26.784+0200,Meldung,CATMA_607EF6E2-A9A4-4A08-8A52-1EEDF1AF140A,,,,,,,,,,,,,Schweiz,Zeit,
199,45375,CATMA_A51322FB-2184-47CE-B545-AEAF5476AF95,45357,erlebte Übergriffe,-13101205,Mhuerten,2025-07-15T17:34:06.010+0200,nicht spezifizierte Taten,CATMA_B03D4763-9E0C-4E2D-9ACA-DD358DA82669,Macht- und Abhängigkeitsverhältnis,,,,,,,,,,,,Schweiz,Tatbeschreibung,sexuell
200,45462,CATMA_9A93A9AA-ACD7-4EC1-A79E-877419C5BDD5,45389,grenzüberschreitendem Verhalten desselben  Priesters im Erwachsenenalter ,-13101205,Mhuerten,2025-07-15T17:34:20.514+0200,nicht spezifizierte Taten,CATMA_B03D4763-9E0C-4E2D-9ACA-DD358DA82669,,,,,,,,,,,,,Schweiz,Tatbeschreibung,sexuell
201,45488,no_annotation_54,45472, Weiter gebe es ,,,,,,,,,,,,,,,,,,Schweiz,,
202,45497,CATMA_9A21A632-F6AB-422F-AA64-CF31F3BFCD20,45488,Gerüchte ,-3046417,Mhuerten,2025-07-15T17:35:09.041+0200,Meldung (Umfeld),CATMA_A185DDF9-4993-47E3-8B60-0E4D28E1B07B,,,,,,,,,,,,,Schweiz,Handeln des Umfelds,
203,45507,no_annotation_55,45497,bezüglich ,,,,,,,,,,,,,,,,,,Schweiz,,
204,45538,CATMA_91ABF147-5A9A-4668-BAFB-888EB79D6EAF,45507, Übergriffe in einem Kinderheim,-13101205,Mhuerten,2025-07-15T17:34:42.773+0200,nicht spezifizierte Taten,CATMA_B03D4763-9E0C-4E2D-9ACA-DD358DA82669,Macht- und Abhängigkeitsverhältnis,,,,,,,,,,,,Schweiz,Tatbeschreibung,sexuell
205,45588,no_annotation_56,45538,", das der Priester E. M. regelmässig besuchte.370 ",,,,,,,,,,,,,,,,,,Schweiz,,
206,45670,CATMA_6B128F8D-AB7C-4180-A749-5369E50EFE7C,45588,Das Fachgremium benachrichtigte den damaligen Bischof Ivo Fürer über die  Vorwürfe,-157253,Mhuerten,2025-07-15T17:36:31.129+0200,Vorgehen allgemein,CATMA_EEC4BE9B-D7EF-429C-8614-E49A795ACF03,,,,,,,,,,,,,Schweiz,Handeln der Bistumsverantwortlichen,Vorgehen
207,45938,no_annotation_57,45670,", wobei der kollegiale Umgangston in der Korrespondenz eine enge Be­ ziehung zwischen dem Bischof und dem beschuldigten Priester vermuten lässt  und letzterer neben seiner Tätigkeit in einer Pfarrei eine wichtige Funktion in­ nerhalb des Bistums St. Gallen innehatte. ",,,,,,,,,,,,,,,,,,Schweiz,,
208,46042,CATMA_0B1AE524-75D5-4C16-BA99-43E6EB2527FE,45938,Als einzige Sofortmassnahme erliess  der Bischof Ivo Fürer ein Besuchsverbot für das genannte Kinderheim,-9403721,Mhuerten,2025-07-15T17:36:54.152+0200,"Maßnahme, Strafe",CATMA_3A4B3749-0203-4919-9554-D54C3318A625,,,,,,,,,,,,,Schweiz,Handeln der Bistumsverantwortlichen,Vorgehen
209,46139,no_annotation_58,46042,.371 Die Vorwürfe gegenüber E. M. schienen sich nach Gesprächen des Fachgre­ miums zu entkräften:,,,,,,,,,,,,,,,,,,Schweiz,,
210,46235,CATMA_B8409C60-00CA-4FEE-AE4F-222858280FEB,46139," Der beschuldigte Priester rechtfertigte sein Verhalten und  stellte es in den Kontext der Zeit,",-15389907,Mhuerten,2025-07-15T17:37:17.209+0200,Vertuschung,CATMA_429E64D1-1625-42E3-AA70-C3A0E4AF5E8B,,,,,,,,,,,,,Schweiz,Handeln der Beschuldigten,
211,46236,no_annotation_59,46235, ,,,,,,,,,,,,,,,,,,Schweiz,,
212,46421,CATMA_1DC94C43-AEAE-47C2-BFDB-5D85D94CFEE2,46236,"während die Leiterin des Kinderheims, eine  katholische Ordensschwester, keinerlei Informationen oder Vermutungen be­ züglich möglicher Übergriffe durch den Priester bestätigten konnte.",-15701633,Mhuerten,2025-07-15T17:37:35.594+0200,Neutralisierung,CATMA_1ACCBEA2-4C4D-449A-9282-F643C117AF7E,,,,,,,,,,,,beruflich,Schweiz,Handeln der Bistumsverantwortlichen,
213,46422,no_annotation_60,46421, ,,,,,,,,,,,,,,,,,,Schweiz,,
214,46563,CATMA_40FFDFDB-3DCB-48B2-93FB-78887CD7A097,46422,"Das Fach­ gremium empfahl zu diesem Zeitpunkt, das Hausverbot aufzuheben, da sich der  Verdacht auf sexuelle Übergriffe nicht erhärtet hätte.",-2587561,Mhuerten,2025-07-15T17:37:54.142+0200,keine Konsequenzen,CATMA_F3B42D93-42A0-40F7-AF5D-CF0D86BB0A5A,,,,,,,,,,,,,Schweiz,Handeln der Bistumsverantwortlichen,Vorgehen
215,46541,CATMA_F18565CF-7D3E-42B0-BCCF-84DEBD4FAFF0,46522,sexuelle Übergriffe,-13101205,Mhuerten,2025-07-15T17:39:26.627+0200,nicht spezifizierte Taten,CATMA_B03D4763-9E0C-4E2D-9ACA-DD358DA82669,Macht- und Abhängigkeitsverhältnis,,,,,,,,,,,,Schweiz,Tatbeschreibung,sexuell
216,46568,no_annotation_61,46563,372 N,,,,,,,,,,,,,,,,,,Schweiz,,
217,46799,CATMA_BFA503E2-543A-46E6-943A-03EE4119B29C,46568,"ur wenige Wochen später sagte eine Frau gegenüber einem Mitglied des  Fachgremiums aus, dass sie während der 1990er Jahre im erwähnten Kinder­ heim gearbeitet hatte, und berichtete von Erzählungen anderer Mitarbeitenden  und Kinder",-3046417,Mhuerten,2025-07-15T17:38:42.393+0200,Meldung (Umfeld),CATMA_A185DDF9-4993-47E3-8B60-0E4D28E1B07B,,,,,,,,,,,,beruflich,Schweiz,Handeln des Umfelds,
218,46689,CATMA_307873B1-0F76-4228-A527-567997385B68,46677,1990er Jahre,-1617703,Mhuerten,2025-07-15T17:38:28.141+0200,Tat,CATMA_EFC508B6-1D39-44DB-BF7F-2446A3582795,,,,,,,,,,,,,Schweiz,Zeit,
219,46834,no_annotation_62,46799,. In diesen wurden die Hinweise auf,,,,,,,,,,,,,,,,,,Schweiz,,
220,46871,CATMA_0601BDE2-BD33-4170-9CEB-06DC9519EAA6,46834, sexuell missbräuchliches Ver­ halten,-13239067,Mhuerten,2025-07-15T17:39:15.569+0200,Missbrauch,CATMA_3B3B19B0-7DA0-4893-A328-7CF7A581786E,,,,,,,,,,,,,Schweiz,Framing der Taten,
221,46872,CATMA_95F0F381-1C2C-46F4-84FD-C0CA54B00B2C,46835,sexuell missbräuchliches Ver­ halten ,-13101205,Mhuerten,2025-07-15T17:39:04.371+0200,nicht spezifizierte Taten,CATMA_B03D4763-9E0C-4E2D-9ACA-DD358DA82669,Macht- und Abhängigkeitsverhältnis,,,,,,,,,,,,Schweiz,Tatbeschreibung,sexuell
222,46908,no_annotation_63,46872,durch den Priester E. M. konkreter: ,,,,,,,,,,,,,,,,,,Schweiz,,
223,46915,CATMA_DF6625D6-96EF-4869-BDA3-F4996E61844C,46908,Kinder ,-9258422,Mhuerten,2025-07-15T17:40:38.803+0200,Rahmeninformationen Betroffene,CATMA_1CC42082-7E15-4731-8570-71F4F74C8D9F,,,,,,,,minderjährig,unbestimmt,unklar,B-S-u,,Schweiz,Betroffene,
224,47013,CATMA_56A02019-B9AE-4138-A049-C684D56862C2,46915,"berichteten von «komischen  Küssen mit der Zunge», von Griffen unter Nachthemden beim Zubettgehen ",-15895942,Mhuerten,2025-07-15T17:42:41.617+0200,Betroffene,CATMA_651A25AF-4812-44F4-93CD-2E2762CA7948,indirekt,,,,,,,,,,,,Schweiz,Zitat,
225,47012,CATMA_54F8F8EC-C951-4550-B077-033458C150A6,46931,"«komischen  Küssen mit der Zunge», von Griffen unter Nachthemden beim Zubettgehen",-7797647,Mhuerten,2025-07-15T17:40:06.144+0200,Berührungen,CATMA_B89C553C-65ED-4920-BEF9-FA4A79BF5EC9,Macht- und Abhängigkeitsverhältnis,,,,,,,,,,,,Schweiz,Tatbeschreibung,sexuell
226,47042,no_annotation_64,47013,und  Betreuende erzählten von,,,,,,,,,,,,,,,,,,Schweiz,,
227,47134,CATMA_7218BFFB-4C65-42C4-945F-3066813E67EF,47042," Kindern, die auf einmal nichts mehr mit dem wie­ derkehrenden Besucher zu tun haben wollten",-3237659,Mhuerten,2025-07-15T17:43:17.595+0200,Umfeld,CATMA_41E25707-120D-432A-8B27-0E0D8B0E02C4,indirekt,,,,,,,,,,,,Schweiz,Zitat,
228,47134,CATMA_437BBDBA-C2FC-403B-B15E-BE894EC8D6B0,47043,"Kindern, die auf einmal nichts mehr mit dem wie­ derkehrenden Besucher zu tun haben wollten",-8577267,Mhuerten,2025-07-15T17:40:25.939+0200,Abwehr,CATMA_F8DD2F8A-7D68-4E27-A307-A9075DA5D7A5,,,,,,,,,,,,,Schweiz,Handeln der Betroffenen,
229,47135,no_annotation_65,47134,.,,,,,,,,,,,,,,,,,,Schweiz,,
230,47576,CATMA_05AB2763-1387-4D5A-B7B8-A2CB622EF756,47135," Aufgrund dieser konkreten Ver­ dachtsmomente formulierte das Fachgremium St. Gallen drei Forderungen an  den Bischof: Den Rücktritt des Priesters von seiner Funktion im Bistum, die  Überprüfung der Lebens- und Arbeitsfelder des Priesters mit Fachpersonen,  eine schriftliche Mitteilung des Bischofs, welche Massnahmen ergriffen worden  waren sowie die Aushändigung einer Bestätigung einer Therapie-Aufnahme  durch den beschuldigten Priester",-9403721,Mhuerten,2025-07-15T17:43:58.548+0200,"Maßnahme, Strafe",CATMA_3A4B3749-0203-4919-9554-D54C3318A625,,,,,,,,,,,,,Schweiz,Handeln der Bistumsverantwortlichen,Vorgehen
231,47581,no_annotation_66,47576,.373 ,,,,,,,,,,,,,,,,,,Schweiz,,
232,47669,CATMA_82EF9AAA-1363-412C-A54F-AC4DC1761103,47581,Bischof Ivo Fürer muss daraufhin den Beschuldigten mit den Vorwürfen  konfrontiert haben,-157253,Mhuerten,2025-07-15T17:44:27.764+0200,Vorgehen allgemein,CATMA_EEC4BE9B-D7EF-429C-8614-E49A795ACF03,,,,,,,,,,,,,Schweiz,Handeln der Bistumsverantwortlichen,Vorgehen
233,47747,no_annotation_67,47669,", denn dieser antwortete in zwei Briefen, die auch das Fach­ gremium erhielt. ",,,,,,,,,,,,,,,,,,Schweiz,,
234,48061,CATMA_735D831C-74BB-4A14-9451-D43B5959A51D,47747,"Darin erklärte er zum einen, weshalb die gemachten Vorwürfe  nicht stimmen könnten, zum anderen äusserte er sich ausführlich zur Vorge­ hensweise des Fachgremiums, das ihn vorverurteile und in die Enge treibe so­ wie keinerlei rechtliche Grundlagen oder Kompetenzen habe, Massnahmen wie  eine Therapie zu verlangen",-9288421,Mhuerten,2025-07-15T17:45:12.888+0200,Sonstige Vertuschung,CATMA_98C765F9-243B-4C93-9E49-5352101777E6,,,,,,,,,,,,,Schweiz,Handeln der Beschuldigten,Vertuschung
235,48063,no_annotation_68,48061,. ,,,,,,,,,,,,,,,,,,Schweiz,,
236,48524,CATMA_43F2DF1F-023F-4778-AD40-57F91F1F5458,48063,"Der Bischof antwortete dem Fachgremium im Januar 2003 ebenfalls in einem  Brief. Darin ging er nicht auf die Forderungen des Gremiums ein, sondern stellte  in erster Linie Nach- und Rückfragen: «Komische Küsse» würden als Zungen­ küsse interpretiert, ob das genauer abgeklärt werden könne? Könne die Feststel­ lung mit den Nachthemden, die von Priester E. M. bestritten werde, nochmals  in einer Aussprache geklärt werden? Könnten die Reaktionen der Kinder auch",-157253,Mhuerten,2025-07-15T17:45:55.678+0200,Vorgehen allgemein,CATMA_EEC4BE9B-D7EF-429C-8614-E49A795ACF03,,,,,,,,,,,,,Schweiz,Handeln der Bistumsverantwortlichen,Vorgehen
237,51659,no_annotation_69,48526,"370	 Archiv des diözesanen Fachgremiums St. Gallen, Akte E. M. 371	 Ebd. 372	 Protokoll Sitzung des diözesanen Fachgremiums St. Gallen, Sitzung 3, 25.09.2002. 373	 Protokoll Sitzung des diözesanen Fachgremiums St. Gallen, Sitzung 4, 11.12.2002. 

#######################

Seite 109

109 7. Fazit  D as in diesem Bericht bilanzierte Pilotprojekt bildet die Basis für künftige  Forschung zu sexuellem Missbrauch, der durch katholische Kleriker und  weitere kirchliche Angestellte sowie Ordensmitglieder begangen wurde.  Im vergangenen Jahr wurden grundsätzliche Fragen des Archivzugangs, des  Stands der Erforschung und Dokumentation von Fällen sexuellen Missbrauchs  innerhalb der katholischen Kirche sowie die bislang unternommenen Anstren­ gungen in deren Aufarbeitung und Vermeidung geklärt. Es handelt sich in Bezug  auf die Schweiz um den ersten systematischen Versuch, diese Thematik wissen­ schaftlich zu fassen und zu umreissen. Im Rahmen dieser Pilotstudie wurde deutlich, dass die katholische Kirche in  der Schweiz über eine vielfältige Archivlandschaft verfügt und darin reichhalti­ ge Bestände zu finden sind, die für die Untersuchung von sexuellem Missbrauch  relevant sind. In einem ersten Schritt hin zu einer tiefgreifenden wissenschaftli­ chen Auseinandersetzung mit dem Thema wurde eine Auslegeordnung erstellt.  Dabei wurde eruiert, welche Archive und Bestände von besonderer Relevanz für  die Untersuchung dieses Themas sind, wie sich die Strukturen der Kirche auf die  Strukturen der Archive auswirken und welche katholischen Institutionen, Ver­ eine, Gemeinschaften und Bewegungen zukünftig ebenfalls in die Untersuchung  einbezogen werden müssten. Die konsultierten Bestände beinhalten unterschiedlich dichte Spuren des se­ xuellen Missbrauchs: Die Geheimarchive und die Archive der Fachgremien bei­ spielsweise bestehen zu einem grossen Teil aus Akten, die direkt aus der Ausein­ andersetzung der Kirche mit dieser Thematik entstanden sind. Andere Archive  enthalten teilweise nur sehr spärlich direkte Hinweise auf sexuellen Missbrauch,  können aber zur Ergänzung des Kontextes oder für weitere Abklärungen den­ noch unverzichtbare Informationen und Hinweise liefern. Dem Projektteam wurden die notwendigen Zugänge zu den Archiven gross­ mehrheitlich ermöglicht. Bis auf einige Ausnahmen gab es keine grösseren Hür­ den beim Aktenzugang und die überwiegende Mehrheit der Verantwortungsträ­ gerinnen und -träger der Kirche hielt sich grundsätzlich an die Zusicherung, die  Archive für die Forschenden ohne Einschränkungen zu öffnen. Es wird auch in  zukünftigen Untersuchungen zentral sein, dass Forschende uneingeschränkte  Akteneinsicht und Zugang zu dem in den Institutionen reichhaltig vorhandenen  Wissen erhalten. Gleichzeitig wurde aber auch deutlich, wo die Grenzen der Ko­ operationsbereitschaft der katholischen Kirche als transnationale Organisation  liegen: Eine Anfrage zur Einsicht in die Archive der Apostolischen Nuntiatur der  Schweiz wurde abschlägig beantwortet und auch bei der Einsicht in die Archive  der römischen Kurie deuten internationale Erfahrungen auf grössere Hinder­ nisse hin. ",,,,,,,,,,,,,,,,,,Schweiz,,
238,51969,CATMA_71763938-60B4-4205-AF4C-8C15C4C0E67F_0,51659,"Im Rahmen des Pilotprojekts konnten 1’002 Fälle sexuellen Missbrauchs im  Umfeld der katholischen Kirche seit 1950 mit 510 Beschuldigten und 921 Betrof­ fenen identifiziert werden – deutlich mehr Fälle, als von der Kirche bislang öf­ fentlich kommuniziert wurden. Mindestens jeder siebte Fall betraf erwachsene",-11700002,Mhuerten,2025-07-15T17:50:09.098+0200,Statistik,CATMA_3559CA23-2F8B-4EC2-B0C0-5E20EB44151B,,,,,,,,,,,,,Schweiz,Metaanalyse,
239,52173,CATMA_71763938-60B4-4205-AF4C-8C15C4C0E67F_1,52165,Personen,-11700002,Mhuerten,2025-07-15T17:50:09.098+0200,Statistik,CATMA_3559CA23-2F8B-4EC2-B0C0-5E20EB44151B,,,,,,,,,,,,,Schweiz,Metaanalyse,
240,51662,S-9,51659,Im ,-399266,Mhuerten,2025-07-15T17:48:10.832+0200,Start,CATMA_7C23CC13-B5FE-4F69-AAB7-935F31D614C3,,,,,,,,,,,,,Schweiz,Relevante Textstelle,
241,51972,CATMA_50BFE633-86EE-4E3E-981A-922EEB3D86F3,51959,"erwachsene  
",-725551,Mhuerten,2025-07-15T17:49:21.061+0200,erwachsen,CATMA_EE521272-8EC0-40AC-968A-7EFB4F8B21F5,,,,,,,,,,,,,Schweiz,Alter (Betroffene),
242,52165,no_annotation_70,51972,"
#######################

Seite 110

Bericht zum Pilotprojekt zur Geschichte sexuellen Missbrauchs im Umfeld  der römisch-katholischen Kirche in der Schweiz seit Mitte des 20. Jahrhunderts 110 ",,,,,,,,,,,,,,,,,,Schweiz,,
243,55852,no_annotation_71,52173,". Bislang wurde zur Identifikation von Fällen mit einem stark einge­ schränkten Quellenkorpus gearbeitet. Es ist sehr wahrscheinlich, dass sich wei­ tere Fälle identifizieren lassen, wenn zusätzliche Quellenbestände und Archive  berücksichtigt werden. Dazu sind in zukünftigen Forschungsprojekten weitere  umfassende Quellenrecherchen nötig. Dennoch konnten bereits erste Aussagen zum Umgang der katholischen Kir­ che mit sexuellem Missbrauch seit der Mitte des 20. Jahrhunderts getroffen wer­ den. So wurde deutlich, dass Verantwortliche der Kirche sexuellen Missbrauch  bis in die 2000er Jahre hinein in den meisten der ausgewerteten Fälle ignorier­ ten, verschwiegen oder bagatellisierten. Wenn sie zum Handeln gezwungen  waren, taten sie dies häufig nicht mit Blick auf die Betroffenen, sondern zum  Schutz der Täterinnen und Täter, der Institution und der eigenen Position. In  vielen Fällen wurde sexueller Missbrauch «ausgesessen», Beschuldigte versetzt  sowie Betroffene und Mitwissende zum Schweigen verpflichtet. Dadurch nah­ men Verantwortliche der Kirche in Kauf, dass es zu weiteren Fällen sexuellen  Missbrauchs kam. Die Existenz eines kirchlichen Rechts parallel zum weltlichen Recht beför­ derte diese Vertuschung und Verschleierung noch. Zudem haben die Regelungen  des kanonischen Rechts bezüglich Aktenaufbewahrung und -überlieferung die  Aktenlage zur Erforschung sexuellen Missbrauchs im Umfeld der Kirche stark  geprägt. Die bis heute existierenden Vorschriften zur Führung eines Geheimar­ chivs, vor allem zur regelmässigen Vernichtung von Dokumenten, führten dazu,  dass im Untersuchungszeitraum in mehreren Archiven Akten vernichtet wur­ den. In anderen muss eine solche Massnahme angenommen werden. Dies wirkt  sich nicht nur erheblich auf die wissenschaftliche Forschung aus, sondern auch  auf Betroffene, welche die sie betreffenden Dokumente einsehen möchten. Aus  einer Forschungs- und Betroffenenperspektive positiv hervorzuheben ist, dass  die Mehrheit der Schweizer Bistümer in den letzten Jahren die Bestimmungen –  sowohl zum Führen eines Geheimarchivs als auch zur Aktenvernichtung – nicht  mehr oder nur noch teilweise umgesetzt haben. Eine grundsätzliche Veränderung in Umgang, Prävention und Sanktionie­ rung sexueller Missbräuche durch die Verantwortlichen der katholischen Kir­ che ist erst im 21. Jahrhundert feststellbar. Diese ahnden Missbrauch heute  konsequenter. Die Ursachen dafür sind vielfältig und stehen in einem gesamt­ gesellschaftlichen Kontext. So gab es einen Wandel im Umgang mit Sexualität  und sexuellem Missbrauch.431 Zudem haben sich die gesellschaftlichen Vorstel­ lungen von Kindeswohl und Kinderschutz wesentlich verändert,432 was zu einem  Wandel in der Gesetzgebung und Rechtsprechung führte. Schliesslich trug auch  die mediale Berichterstattung in den letzten Jahrzehnten wesentlich dazu bei,  dass Missbrauch in der katholischen Kirche heute grundsätzlich nicht mehr to­ leriert wird. Die im vorliegenden Bericht ausgeführten Fallbeispiele haben gezeigt, dass  die Quellenbestände sehr ergiebig sind. Aufgrund von Ergebnissen aus der na­ tionalen und internationalen Forschungsliteratur und der Analyse der bereits  ausgewerteten Fälle konnten erste mögliche Ausrichtungen künftiger For­ schungsvorhaben, zukünftige thematische «Schneisen» und Forschungsgegen­ stände herausgearbeitet werden, die neue Erkenntnisse im Bereich des sexuel­ len Missbrauchs im Umfeld der katholischen Kirche ermöglichen könnten. So  wird vorgeschlagen, die vorgestellten Räume und Konstellationen des sexuellen  431	 Vgl. Matter, Das sexuelle Schutzalter. 432	 Seglias, Heimerziehung – eine historische Perspektive, S. 54–56. 


",,,,,,,,,,,,,,,,,,Schweiz,,
