Tagset;Tagset ID;Tag;Tag ID;Tag Path;Tag Parent ID;Tag Color;Tag Author;Project Name;Project ID;;;;
Tatbeschreibung;T_792C8641-9E28-49B3-AE84-102EE5CF609B;Beobachtung anderer;CATMA_CD13E796-C582-4836-8842-B9D6ADF8B5FC;/sexuell/Beobachtung anderer;CATMA_6070BF6A-76E8-4889-9FB4-48F25971BBB7;#B37BE5;Mhuerten;EpiEpa-1;CATMA_2FE822DF-DAD1-4B6A-8D0C-4E0A7A87BB8C_EpiEpa_1;;;;
Tatbeschreibung;T_792C8641-9E28-49B3-AE84-102EE5CF609B;Berührungen;CATMA_B89C553C-65ED-4920-BEF9-FA4A79BF5EC9;/sexuell/Berührungen;CATMA_6070BF6A-76E8-4889-9FB4-48F25971BBB7;#890471;Mhuerten;EpiEpa-1;CATMA_2FE822DF-DAD1-4B6A-8D0C-4E0A7A87BB8C_EpiEpa_1;;;;
Tatbeschreibung;T_792C8641-9E28-49B3-AE84-102EE5CF609B;Entblößen des eigenen Körpers;CATMA_CADBBDE5-1D4C-473B-A28E-C0355B9D1424;/sexuell/Entblößen des eigenen Körpers;CATMA_6070BF6A-76E8-4889-9FB4-48F25971BBB7;#28CEB9;Mhuerten;EpiEpa-1;CATMA_2FE822DF-DAD1-4B6A-8D0C-4E0A7A87BB8C_EpiEpa_1;;;;
Tatbeschreibung;T_792C8641-9E28-49B3-AE84-102EE5CF609B;Penetration;CATMA_CB3D856C-2196-4C71-A39A-BA3AF849F0A9;/sexuell/Penetration;CATMA_6070BF6A-76E8-4889-9FB4-48F25971BBB7;#AC56E8;Mhuerten;EpiEpa-1;CATMA_2FE822DF-DAD1-4B6A-8D0C-4E0A7A87BB8C_EpiEpa_1;;;;
Tatbeschreibung;T_792C8641-9E28-49B3-AE84-102EE5CF609B;Pornographie;CATMA_E3A68CB5-2772-404A-A80F-CE249B422078;/sexuell/Pornographie;CATMA_6070BF6A-76E8-4889-9FB4-48F25971BBB7;#36220E;Mhuerten;EpiEpa-1;CATMA_2FE822DF-DAD1-4B6A-8D0C-4E0A7A87BB8C_EpiEpa_1;;;;
Tatbeschreibung;T_792C8641-9E28-49B3-AE84-102EE5CF609B;Sprache/Gesten/Aufforderungen;CATMA_EDCD3519-38C9-49EA-B042-3CBB9835B96A;/sexuell/Sprache/Gesten/Aufforderungen;CATMA_6070BF6A-76E8-4889-9FB4-48F25971BBB7;#796B3F;Mhuerten;EpiEpa-1;CATMA_2FE822DF-DAD1-4B6A-8D0C-4E0A7A87BB8C_EpiEpa_1;;;;
Tatbeschreibung;T_792C8641-9E28-49B3-AE84-102EE5CF609B;Verhältnis;CATMA_485F159D-27DD-425D-B715-C4877CAA7E0D;/sexuell/Verhältnis;CATMA_6070BF6A-76E8-4889-9FB4-48F25971BBB7;#990586;Mhuerten;EpiEpa-1;CATMA_2FE822DF-DAD1-4B6A-8D0C-4E0A7A87BB8C_EpiEpa_1;;;;
Tatbeschreibung;T_792C8641-9E28-49B3-AE84-102EE5CF609B;nicht spezifizierte Taten;CATMA_B03D4763-9E0C-4E2D-9ACA-DD358DA82669;/sexuell/nicht spezifizierte Taten;CATMA_6070BF6A-76E8-4889-9FB4-48F25971BBB7;#38176B;Mhuerten;EpiEpa-1;CATMA_2FE822DF-DAD1-4B6A-8D0C-4E0A7A87BB8C_EpiEpa_1;;;;
Tatbeschreibung;T_792C8641-9E28-49B3-AE84-102EE5CF609B;physisch;CATMA_A4690719-D703-4C05-9A34-BC9738B04066;/physisch;;#95A6A8;thomasSchmidt;EpiEpa-1;CATMA_2FE822DF-DAD1-4B6A-8D0C-4E0A7A87BB8C_EpiEpa_1;;;;
Tatbeschreibung;T_792C8641-9E28-49B3-AE84-102EE5CF609B;reproduktiv;CATMA_3682F6D4-14B9-4D91-A8A9-61D24BC6A908;/reproduktiv;;#65BB7A;thomasSchmidt;EpiEpa-1;CATMA_2FE822DF-DAD1-4B6A-8D0C-4E0A7A87BB8C_EpiEpa_1;;;;
Tatbeschreibung;T_792C8641-9E28-49B3-AE84-102EE5CF609B;sexuell;CATMA_6070BF6A-76E8-4889-9FB4-48F25971BBB7;/sexuell;;#FDFF25;Mhuerten;EpiEpa-1;CATMA_2FE822DF-DAD1-4B6A-8D0C-4E0A7A87BB8C_EpiEpa_1;;;;
Tatbeschreibung;T_792C8641-9E28-49B3-AE84-102EE5CF609B;spirituell;CATMA_C530CE53-BC35-4E6E-83D6-C90A6663C0BB;/spirituell;;#DBE07A;thomasSchmidt;EpiEpa-1;CATMA_2FE822DF-DAD1-4B6A-8D0C-4E0A7A87BB8C_EpiEpa_1;;;;
Tatbeschreibung;T_792C8641-9E28-49B3-AE84-102EE5CF609B;weitere Vorwürfe;CATMA_9D8A2C3C-FAFB-49B1-825B-C2911B55A40D;/weitere Vorwürfe;;#10334C;Mhuerten;EpiEpa-1;CATMA_2FE822DF-DAD1-4B6A-8D0C-4E0A7A87BB8C_EpiEpa_1;;;;
Stereotype und Motive;T_41080927-7D68-40EF-8148-BCEE928271A9;Hingabe;CATMA_18F25E47-24C4-4ED6-8B82-BC7712E8DADB;/Hingabe;;#F7BE11;thomasSchmidt;EpiEpa-1;CATMA_2FE822DF-DAD1-4B6A-8D0C-4E0A7A87BB8C_EpiEpa_1;;;;
Stereotype und Motive;T_41080927-7D68-40EF-8148-BCEE928271A9;Hysterie;CATMA_9F21B9E0-5FBC-46DE-8741-9007EB6658C7;/Unglaubwürdigkeit/Hysterie;CATMA_22A150A3-F02C-4395-AFD4-CAF77A53C884;#6F67C2;thomasSchmidt;EpiEpa-1;CATMA_2FE822DF-DAD1-4B6A-8D0C-4E0A7A87BB8C_EpiEpa_1;;;;
Stereotype und Motive;T_41080927-7D68-40EF-8148-BCEE928271A9;Lüge;CATMA_683BBD43-E70E-4ECB-AE6B-ED4A1A1C281D;/Unglaubwürdigkeit/Lüge;CATMA_22A150A3-F02C-4395-AFD4-CAF77A53C884;#183C55;thomasSchmidt;EpiEpa-1;CATMA_2FE822DF-DAD1-4B6A-8D0C-4E0A7A87BB8C_EpiEpa_1;;;;
Stereotype und Motive;T_41080927-7D68-40EF-8148-BCEE928271A9;Rache;CATMA_9B67FC12-B775-4A2E-A8FF-10F178D70AE3;/Unglaubwürdigkeit/Rache;CATMA_22A150A3-F02C-4395-AFD4-CAF77A53C884;#4156D5;thomasSchmidt;EpiEpa-1;CATMA_2FE822DF-DAD1-4B6A-8D0C-4E0A7A87BB8C_EpiEpa_1;;;;
Stereotype und Motive;T_41080927-7D68-40EF-8148-BCEE928271A9;Sturm;CATMA_62075157-FE2F-40A7-BF56-D3BD99635878;/Sturm;;#C67154;Mhuerten;EpiEpa-1;CATMA_2FE822DF-DAD1-4B6A-8D0C-4E0A7A87BB8C_EpiEpa_1;;;;
Stereotype und Motive;T_41080927-7D68-40EF-8148-BCEE928271A9;Unglaubwürdigkeit;CATMA_22A150A3-F02C-4395-AFD4-CAF77A53C884;/Unglaubwürdigkeit;;#34D010;thomasSchmidt;EpiEpa-1;CATMA_2FE822DF-DAD1-4B6A-8D0C-4E0A7A87BB8C_EpiEpa_1;;;;
Stereotype und Motive;T_41080927-7D68-40EF-8148-BCEE928271A9;Vergebung;CATMA_E3132CA7-3825-4FD7-B264-E162949AE5E9;/Vergebung;;#31B461;Mhuerten;EpiEpa-1;CATMA_2FE822DF-DAD1-4B6A-8D0C-4E0A7A87BB8C_EpiEpa_1;;;;
Stereotype und Motive;T_41080927-7D68-40EF-8148-BCEE928271A9;Weitere Stereotype und Motive;CATMA_F2DF997A-A992-4D6F-BBE6-7AACD00C7885;/Weitere Stereotype und Motive;;#8C6BD5;Mhuerten;EpiEpa-1;CATMA_2FE822DF-DAD1-4B6A-8D0C-4E0A7A87BB8C_EpiEpa_1;;;;
Stereotype und Motive;T_41080927-7D68-40EF-8148-BCEE928271A9;mental health;CATMA_A12242A2-BBAC-4441-AA3F-9FC73031D45F;/Unglaubwürdigkeit/mental health;CATMA_22A150A3-F02C-4395-AFD4-CAF77A53C884;#420503;thomasSchmidt;EpiEpa-1;CATMA_2FE822DF-DAD1-4B6A-8D0C-4E0A7A87BB8C_EpiEpa_1;;;;
Tatkonstellation;T_D1F03E83-E7B1-41C7-A0D0-6B16CD8ECF61;Beichte;CATMA_D3F18A02-1418-4F72-8FB0-CEA8BCB3419B;/Seelsorge/Beichte;CATMA_4EC5F648-395E-489E-9731-F1CC3CDEE35A;#5E09EE;thomasSchmidt;EpiEpa-1;CATMA_2FE822DF-DAD1-4B6A-8D0C-4E0A7A87BB8C_EpiEpa_1;;;;
Tatkonstellation;T_D1F03E83-E7B1-41C7-A0D0-6B16CD8ECF61;Beratung;CATMA_21853E7B-7426-4BAB-BDED-54D5D7C30E7E;/Beratung;;#862DB8;thomasSchmidt;EpiEpa-1;CATMA_2FE822DF-DAD1-4B6A-8D0C-4E0A7A87BB8C_EpiEpa_1;;;;
Tatkonstellation;T_D1F03E83-E7B1-41C7-A0D0-6B16CD8ECF61;Bildung;CATMA_CA1F9AA1-F64D-45CE-AA63-629EC00BE4D4;/Bildung;;#2F8792;thomasSchmidt;EpiEpa-1;CATMA_2FE822DF-DAD1-4B6A-8D0C-4E0A7A87BB8C_EpiEpa_1;;;;
Tatkonstellation;T_D1F03E83-E7B1-41C7-A0D0-6B16CD8ECF61;Dienstverhältnis;CATMA_50A0D4BB-ADD4-4E01-9966-1E4F455B51A0;/Dienstverhältnis;;#3A68A4;thomasSchmidt;EpiEpa-1;CATMA_2FE822DF-DAD1-4B6A-8D0C-4E0A7A87BB8C_EpiEpa_1;;;;
Tatkonstellation;T_D1F03E83-E7B1-41C7-A0D0-6B16CD8ECF61;Ehrenamt;CATMA_32D560BC-1BEE-4363-8ACF-8AD396580C7D;/Ehrenamt;;#BB9CB0;Mhuerten;EpiEpa-1;CATMA_2FE822DF-DAD1-4B6A-8D0C-4E0A7A87BB8C_EpiEpa_1;;;;
Tatkonstellation;T_D1F03E83-E7B1-41C7-A0D0-6B16CD8ECF61;Exerzitien;CATMA_E5C6CA08-BDFC-4E19-BBD0-505560299D2B;/Seelsorge/Exerzitien;CATMA_4EC5F648-395E-489E-9731-F1CC3CDEE35A;#AEA917;thomasSchmidt;EpiEpa-1;CATMA_2FE822DF-DAD1-4B6A-8D0C-4E0A7A87BB8C_EpiEpa_1;;;;
Tatkonstellation;T_D1F03E83-E7B1-41C7-A0D0-6B16CD8ECF61;Geistliche Begleitung;CATMA_FF5A0C09-2386-44A2-B84D-37FEBE31171C;/Seelsorge/Geistliche Begleitung;CATMA_4EC5F648-395E-489E-9731-F1CC3CDEE35A;#B39A3D;thomasSchmidt;EpiEpa-1;CATMA_2FE822DF-DAD1-4B6A-8D0C-4E0A7A87BB8C_EpiEpa_1;;;;
Tatkonstellation;T_D1F03E83-E7B1-41C7-A0D0-6B16CD8ECF61;Geistliche Gemeinschaften;CATMA_5D729A1E-3E29-459C-8D49-14B75702A681;/Geistliche Gemeinschaften;;#EF5309;Mhuerten;EpiEpa-1;CATMA_2FE822DF-DAD1-4B6A-8D0C-4E0A7A87BB8C_EpiEpa_1;;;;
Tatkonstellation;T_D1F03E83-E7B1-41C7-A0D0-6B16CD8ECF61;Jugendarbeit;CATMA_AF45C17A-352D-4069-BAA7-5654970A3BD9;/Jugendarbeit;;#CAD75B;thomasSchmidt;EpiEpa-1;CATMA_2FE822DF-DAD1-4B6A-8D0C-4E0A7A87BB8C_EpiEpa_1;;;;
Tatkonstellation;T_D1F03E83-E7B1-41C7-A0D0-6B16CD8ECF61;Kategoriale Seelsorge;CATMA_735C6CB0-F0F4-4073-B0CA-F6A43923776B;/Seelsorge/Kategoriale Seelsorge;CATMA_4EC5F648-395E-489E-9731-F1CC3CDEE35A;#D9F67B;thomasSchmidt;EpiEpa-1;CATMA_2FE822DF-DAD1-4B6A-8D0C-4E0A7A87BB8C_EpiEpa_1;;;;
Tatkonstellation;T_D1F03E83-E7B1-41C7-A0D0-6B16CD8ECF61;Orden;CATMA_7F7D7363-1739-4B73-BEBC-28E4CA0E5BA9;/Orden;;#86458F;Mhuerten;EpiEpa-1;CATMA_2FE822DF-DAD1-4B6A-8D0C-4E0A7A87BB8C_EpiEpa_1;;;;
Tatkonstellation;T_D1F03E83-E7B1-41C7-A0D0-6B16CD8ECF61;Pfarrei;CATMA_694236AD-35A4-493B-B295-5526303EA538;/Seelsorge/Pfarrei;CATMA_4EC5F648-395E-489E-9731-F1CC3CDEE35A;#7BAA59;Mhuerten;EpiEpa-1;CATMA_2FE822DF-DAD1-4B6A-8D0C-4E0A7A87BB8C_EpiEpa_1;;;;
Tatkonstellation;T_D1F03E83-E7B1-41C7-A0D0-6B16CD8ECF61;Seelsorge;CATMA_4EC5F648-395E-489E-9731-F1CC3CDEE35A;/Seelsorge;;#A3EAA8;thomasSchmidt;EpiEpa-1;CATMA_2FE822DF-DAD1-4B6A-8D0C-4E0A7A87BB8C_EpiEpa_1;;;;
Tatkonstellation;T_D1F03E83-E7B1-41C7-A0D0-6B16CD8ECF61;Sonstige Sakramente;CATMA_4BA9B974-B99F-4A95-B619-DD22A96B37CA;/Seelsorge/Sonstige Sakramente;CATMA_4EC5F648-395E-489E-9731-F1CC3CDEE35A;#208602;thomasSchmidt;EpiEpa-1;CATMA_2FE822DF-DAD1-4B6A-8D0C-4E0A7A87BB8C_EpiEpa_1;;;;
Tatkonstellation;T_D1F03E83-E7B1-41C7-A0D0-6B16CD8ECF61;weitere Tatkonstellationen;CATMA_E90C90C6-D5C0-4037-B445-C69EE32C0DD8;/weitere Tatkonstellationen;;#2E1D4C;Mhuerten;EpiEpa-1;CATMA_2FE822DF-DAD1-4B6A-8D0C-4E0A7A87BB8C_EpiEpa_1;;;;
Zeit;T_DFC71855-D297-4A72-9E85-D10DD0A2A72C;Meldung;CATMA_607EF6E2-A9A4-4A08-8A52-1EEDF1AF140A;/Meldung;;#B57771;Mhuerten;EpiEpa-1;CATMA_2FE822DF-DAD1-4B6A-8D0C-4E0A7A87BB8C_EpiEpa_1;;;;
Zeit;T_DFC71855-D297-4A72-9E85-D10DD0A2A72C;Reaktion;CATMA_CF1496D6-1684-4085-B5F6-57DC2B91426C;/Reaktion;;#3CCFE9;Mhuerten;EpiEpa-1;CATMA_2FE822DF-DAD1-4B6A-8D0C-4E0A7A87BB8C_EpiEpa_1;;;;
Zeit;T_DFC71855-D297-4A72-9E85-D10DD0A2A72C;Tat;CATMA_EFC508B6-1D39-44DB-BF7F-2446A3582795;/Tat;;#E750D9;Mhuerten;EpiEpa-1;CATMA_2FE822DF-DAD1-4B6A-8D0C-4E0A7A87BB8C_EpiEpa_1;;;;
Zeit;T_DFC71855-D297-4A72-9E85-D10DD0A2A72C;weitere Zeitangaben;CATMA_F245582A-4795-421B-998B-FFACFA1752E1;/weitere Zeitangaben;;#1008D9;Mhuerten;EpiEpa-1;CATMA_2FE822DF-DAD1-4B6A-8D0C-4E0A7A87BB8C_EpiEpa_1;;;;
Handeln der Bistumsverantwortlichen;T_9A5514F0-65FF-4CC9-9AEC-88DE6694EBF7;Druck/Zwang;CATMA_905A4906-A934-446B-91AF-2541CD730B5C;/Neutralisierung/Druck/Zwang;CATMA_AAD93480-F647-491D-87E7-7C8CD1C9EF00;#1A8CC3;Mhuerten;EpiEpa-1;CATMA_2FE822DF-DAD1-4B6A-8D0C-4E0A7A87BB8C_EpiEpa_1;;;;
Handeln der Bistumsverantwortlichen;T_9A5514F0-65FF-4CC9-9AEC-88DE6694EBF7;Entschädigung, Wiedergutmachung etc.;CATMA_8DEB223C-A38F-40AF-9826-6DD2DE2C1AB2;/Entschädigung, Wiedergutmachung etc.;;#762596;Mhuerten;EpiEpa-1;CATMA_2FE822DF-DAD1-4B6A-8D0C-4E0A7A87BB8C_EpiEpa_1;;;;
Handeln der Bistumsverantwortlichen;T_9A5514F0-65FF-4CC9-9AEC-88DE6694EBF7;Loyalität mit dem Täter;CATMA_02B331EC-D557-4CA5-8963-AAAA7043B65D;/Loyalität mit dem Täter;;#447677;thomasSchmidt;EpiEpa-1;CATMA_2FE822DF-DAD1-4B6A-8D0C-4E0A7A87BB8C_EpiEpa_1;;;;
Handeln der Bistumsverantwortlichen;T_9A5514F0-65FF-4CC9-9AEC-88DE6694EBF7;Maßnahme, Strafe;CATMA_3A4B3749-0203-4919-9554-D54C3318A625;/Vorgehen/Maßnahme, Strafe;CATMA_F69A0CFE-A93A-463D-9EB1-B95C25CB8883;#7082B7;Mhuerten;EpiEpa-1;CATMA_2FE822DF-DAD1-4B6A-8D0C-4E0A7A87BB8C_EpiEpa_1;;;;
Handeln der Bistumsverantwortlichen;T_9A5514F0-65FF-4CC9-9AEC-88DE6694EBF7;Neutralisierung;CATMA_AAD93480-F647-491D-87E7-7C8CD1C9EF00;/Neutralisierung;;#3492CE;Mhuerten;EpiEpa-1;CATMA_2FE822DF-DAD1-4B6A-8D0C-4E0A7A87BB8C_EpiEpa_1;;;;
Handeln der Bistumsverantwortlichen;T_9A5514F0-65FF-4CC9-9AEC-88DE6694EBF7;Schweigegebot;CATMA_50DB498D-A6A4-41B6-9F36-B0189E482413;/Schweigegebot;;#CBB2CD;Mhuerten;EpiEpa-1;CATMA_2FE822DF-DAD1-4B6A-8D0C-4E0A7A87BB8C_EpiEpa_1;;;;
Handeln der Bistumsverantwortlichen;T_9A5514F0-65FF-4CC9-9AEC-88DE6694EBF7;Solidarisierung mit Betroffenen;CATMA_4E9B0719-1ADA-4520-B79B-98E500CB26B6;/Solidarisierung mit Betroffenen;;#0FA59A;thomasSchmidt;EpiEpa-1;CATMA_2FE822DF-DAD1-4B6A-8D0C-4E0A7A87BB8C_EpiEpa_1;;;;
Handeln der Bistumsverantwortlichen;T_9A5514F0-65FF-4CC9-9AEC-88DE6694EBF7;Täuschung;CATMA_B67C9C59-DDAC-41D9-B511-ACE62BD1B73A;/Neutralisierung/Täuschung;CATMA_AAD93480-F647-491D-87E7-7C8CD1C9EF00;#10059D;Mhuerten;EpiEpa-1;CATMA_2FE822DF-DAD1-4B6A-8D0C-4E0A7A87BB8C_EpiEpa_1;;;;
Handeln der Bistumsverantwortlichen;T_9A5514F0-65FF-4CC9-9AEC-88DE6694EBF7;Verschleierung;CATMA_939927B5-FD79-4FE0-953C-E5A4B17F2F61;/Neutralisierung/Verschleierung;CATMA_AAD93480-F647-491D-87E7-7C8CD1C9EF00;#3468F8;Mhuerten;EpiEpa-1;CATMA_2FE822DF-DAD1-4B6A-8D0C-4E0A7A87BB8C_EpiEpa_1;;;;
Handeln der Bistumsverantwortlichen;T_9A5514F0-65FF-4CC9-9AEC-88DE6694EBF7;Verzögerung;CATMA_86272FE8-18AD-46EB-B7C0-40B75F016B67;/Neutralisierung/Verzögerung;CATMA_AAD93480-F647-491D-87E7-7C8CD1C9EF00;#AA0E1B;Mhuerten;EpiEpa-1;CATMA_2FE822DF-DAD1-4B6A-8D0C-4E0A7A87BB8C_EpiEpa_1;;;;
Handeln der Bistumsverantwortlichen;T_9A5514F0-65FF-4CC9-9AEC-88DE6694EBF7;Victim Blaming (Bistum);CATMA_E3806598-C118-436A-AFFB-DFAA620953C6;/Victim Blaming (Bistum);;#81CC76;thomasSchmidt;EpiEpa-1;CATMA_2FE822DF-DAD1-4B6A-8D0C-4E0A7A87BB8C_EpiEpa_1;;;;
Handeln der Bistumsverantwortlichen;T_9A5514F0-65FF-4CC9-9AEC-88DE6694EBF7;Vorgehen;CATMA_F69A0CFE-A93A-463D-9EB1-B95C25CB8883;/Vorgehen;;#FF4925;Mhuerten;EpiEpa-1;CATMA_2FE822DF-DAD1-4B6A-8D0C-4E0A7A87BB8C_EpiEpa_1;;;;
Handeln der Bistumsverantwortlichen;T_9A5514F0-65FF-4CC9-9AEC-88DE6694EBF7;Vorgehen allgemein;CATMA_EEC4BE9B-D7EF-429C-8614-E49A795ACF03;/Vorgehen/Vorgehen allgemein;CATMA_F69A0CFE-A93A-463D-9EB1-B95C25CB8883;#FD99BB;Mhuerten;EpiEpa-1;CATMA_2FE822DF-DAD1-4B6A-8D0C-4E0A7A87BB8C_EpiEpa_1;;;;
Handeln der Bistumsverantwortlichen;T_9A5514F0-65FF-4CC9-9AEC-88DE6694EBF7;Weiteres Handeln des Bistums;CATMA_30FD6164-D9F0-4F37-86DD-EE0016547374;/Weiteres Handeln des Bistums;;#9BB4A3;Mhuerten;EpiEpa-1;CATMA_2FE822DF-DAD1-4B6A-8D0C-4E0A7A87BB8C_EpiEpa_1;;;;
Handeln der Bistumsverantwortlichen;T_9A5514F0-65FF-4CC9-9AEC-88DE6694EBF7;finanziell;CATMA_2482F61D-D730-467F-B6FD-4BFFE8A34891;/Neutralisierung/finanziell;CATMA_AAD93480-F647-491D-87E7-7C8CD1C9EF00;#6BF5C0;Mhuerten;EpiEpa-1;CATMA_2FE822DF-DAD1-4B6A-8D0C-4E0A7A87BB8C_EpiEpa_1;;;;
Handeln der Bistumsverantwortlichen;T_9A5514F0-65FF-4CC9-9AEC-88DE6694EBF7;keine Konsequenzen;CATMA_F3B42D93-42A0-40F7-AF5D-CF0D86BB0A5A;/Vorgehen/keine Konsequenzen;CATMA_F69A0CFE-A93A-463D-9EB1-B95C25CB8883;#D88457;Mhuerten;EpiEpa-1;CATMA_2FE822DF-DAD1-4B6A-8D0C-4E0A7A87BB8C_EpiEpa_1;;;;
Handeln der Bistumsverantwortlichen;T_9A5514F0-65FF-4CC9-9AEC-88DE6694EBF7;normativ;CATMA_D2CEAA31-85CE-4868-8A6A-2A13B62C7E75;/Neutralisierung/normativ;CATMA_AAD93480-F647-491D-87E7-7C8CD1C9EF00;#931B9A;Mhuerten;EpiEpa-1;CATMA_2FE822DF-DAD1-4B6A-8D0C-4E0A7A87BB8C_EpiEpa_1;;;;
Handeln der Betroffenen;T_1159915B-02F2-4F7C-B88A-7011BC357EB1;Abwehr;CATMA_F8DD2F8A-7D68-4E27-A307-A9075DA5D7A5;/Abwehr;;#7D1F0D;Mhuerten;EpiEpa-1;CATMA_2FE822DF-DAD1-4B6A-8D0C-4E0A7A87BB8C_EpiEpa_1;;;;
Handeln der Betroffenen;T_1159915B-02F2-4F7C-B88A-7011BC357EB1;Disclosure privat;CATMA_C1FDCE1C-77C5-45E2-A5AC-9BEC9814EBE3;/Disclosure privat;;#90CFA7;Mhuerten;EpiEpa-1;CATMA_2FE822DF-DAD1-4B6A-8D0C-4E0A7A87BB8C_EpiEpa_1;;;;
Handeln der Betroffenen;T_1159915B-02F2-4F7C-B88A-7011BC357EB1;Meldung;CATMA_4B58BD11-F55C-4E4B-A09C-474BD5D22CE0;/Meldung;;#A7DF05;Mhuerten;EpiEpa-1;CATMA_2FE822DF-DAD1-4B6A-8D0C-4E0A7A87BB8C_EpiEpa_1;;;;
Handeln der Betroffenen;T_1159915B-02F2-4F7C-B88A-7011BC357EB1;Solidarisierung mit den beschuldigten (Betroffene);CATMA_29A4EF7A-AFCF-4DF0-B0A2-757092443D8C;/Solidarisierung mit den beschuldigten (Betroffene);;#F026B2;Mhuerten;EpiEpa-1;CATMA_2FE822DF-DAD1-4B6A-8D0C-4E0A7A87BB8C_EpiEpa_1;;;;
Handeln der Betroffenen;T_1159915B-02F2-4F7C-B88A-7011BC357EB1;Verzicht auf Meldung (Betroffene);CATMA_3F14D003-FB8E-42A3-80CC-9DCEEA79BEA9;/Verzicht auf Meldung (Betroffene);;#AFFAA6;Mhuerten;EpiEpa-1;CATMA_2FE822DF-DAD1-4B6A-8D0C-4E0A7A87BB8C_EpiEpa_1;;;;
Handeln der Betroffenen;T_1159915B-02F2-4F7C-B88A-7011BC357EB1;Weiteres Handeln der Betroffenen;CATMA_DEFCEF40-6A7A-49B1-B176-2F8DDBE32E1B;/Weiteres Handeln der Betroffenen;;#984852;Mhuerten;EpiEpa-1;CATMA_2FE822DF-DAD1-4B6A-8D0C-4E0A7A87BB8C_EpiEpa_1;;;;
Metaanalyse;T_3D77A284-11A3-46CC-BFFF-DA8A36F99AC5;Definition;CATMA_67B0B767-95AF-4E92-8AF3-C3096A5721D0;/Definition;;#AE1A99;Mhuerten;EpiEpa-1;CATMA_2FE822DF-DAD1-4B6A-8D0C-4E0A7A87BB8C_EpiEpa_1;;;;
Metaanalyse;T_3D77A284-11A3-46CC-BFFF-DA8A36F99AC5;Statistik;CATMA_3559CA23-2F8B-4EC2-B0C0-5E20EB44151B;/Statistik;;#4D78DE;Mhuerten;EpiEpa-1;CATMA_2FE822DF-DAD1-4B6A-8D0C-4E0A7A87BB8C_EpiEpa_1;;;;
Metaanalyse;T_3D77A284-11A3-46CC-BFFF-DA8A36F99AC5;qualitative Auswertung;CATMA_A4F62753-D014-4231-A750-E730F6DE7F6F;/qualitative Auswertung;;#7AD51D;Mhuerten;EpiEpa-1;CATMA_2FE822DF-DAD1-4B6A-8D0C-4E0A7A87BB8C_EpiEpa_1;;;;
Beschuldigte;T_337F5CED-E864-49BD-BEDE-8BEA61C2BBD7;Kleriker;CATMA_C5C97E2C-3134-4D0E-B852-01932DB00047;/Kleriker;;#92FFFC;thomasSchmidt;EpiEpa-1;CATMA_2FE822DF-DAD1-4B6A-8D0C-4E0A7A87BB8C_EpiEpa_1;;;;
Beschuldigte;T_337F5CED-E864-49BD-BEDE-8BEA61C2BBD7;Nicht-Kleriker;CATMA_82A44BD7-8701-4E4B-8245-FEB4B4A8FA46;/Nicht-Kleriker;;#329E13;thomasSchmidt;EpiEpa-1;CATMA_2FE822DF-DAD1-4B6A-8D0C-4E0A7A87BB8C_EpiEpa_1;;;;
Beschuldigte;T_337F5CED-E864-49BD-BEDE-8BEA61C2BBD7;Rahmeninformationen Beschuldigte;CATMA_0E3DFEA2-E250-4580-BC82-29A15E865250;/Rahmeninformationen Beschuldigte;;#AF568A;Mhuerten;EpiEpa-1;CATMA_2FE822DF-DAD1-4B6A-8D0C-4E0A7A87BB8C_EpiEpa_1;;Geschlecht Beschuldigter[gemischt, männlich, unklar, weiblich] CATMA_67EA260E-8FC7-46D6-9404-5AA445C290F8;ID (Beschuldigte)[] CATMA_EE9BA535-F7A5-4C0D-A7EB-81F41A407F94;Rolle (Beschuldigte)[Ehrenamt, Hauptberuflich MA (nicht Kleriker), Kleriker] CATMA_2A270FB9-129F-4C03-A802-8F7D7BAA9ADC
Beschuldigte;T_337F5CED-E864-49BD-BEDE-8BEA61C2BBD7;k. A. zum Beschuldigten;CATMA_F446B7BD-5022-48BD-8C35-F97EBE267AE0;/k. A. zum Beschuldigten;;#F04B0A;Mhuerten;EpiEpa-1;CATMA_2FE822DF-DAD1-4B6A-8D0C-4E0A7A87BB8C_EpiEpa_1;;;;
Relevante Textstelle;T_7D573157-997F-41DE-9FC0-CB51E31A4A44;End;CATMA_F652635C-A0CC-4F61-A2B4-D163F685F0FF;/End;;#6C7B8C;thomasSchmidt;EpiEpa-1;CATMA_2FE822DF-DAD1-4B6A-8D0C-4E0A7A87BB8C_EpiEpa_1;;;;
Relevante Textstelle;T_7D573157-997F-41DE-9FC0-CB51E31A4A44;Start;CATMA_7C23CC13-B5FE-4F69-AAB7-935F31D614C3;/Start;;#F9E85E;thomasSchmidt;EpiEpa-1;CATMA_2FE822DF-DAD1-4B6A-8D0C-4E0A7A87BB8C_EpiEpa_1;;;;
Alter (Betroffene);T_8FCB6389-511B-4999-A4E9-6DDDB66022DA;14-15;CATMA_390DF58B-FDF8-48FC-94C0-13FB6DA3439A;/minderjährig/14-15;CATMA_6262777C-8205-4331-A4C6-B9768A6FE461;#BE29F1;Mhuerten;EpiEpa-1;CATMA_2FE822DF-DAD1-4B6A-8D0C-4E0A7A87BB8C_EpiEpa_1;;;;
Alter (Betroffene);T_8FCB6389-511B-4999-A4E9-6DDDB66022DA;16-17;CATMA_4AA524EC-865F-4B12-9259-381A9D8B90CA;/minderjährig/16-17;CATMA_6262777C-8205-4331-A4C6-B9768A6FE461;#2EB070;Mhuerten;EpiEpa-1;CATMA_2FE822DF-DAD1-4B6A-8D0C-4E0A7A87BB8C_EpiEpa_1;;;;
Alter (Betroffene);T_8FCB6389-511B-4999-A4E9-6DDDB66022DA;Alter unklar;CATMA_FC6EDD7D-E034-4C5F-90CC-CFF5F2499E01;/Alter unklar;;#4A4082;Mhuerten;EpiEpa-1;CATMA_2FE822DF-DAD1-4B6A-8D0C-4E0A7A87BB8C_EpiEpa_1;;;;
Alter (Betroffene);T_8FCB6389-511B-4999-A4E9-6DDDB66022DA;ID;CATMA_FBC3D94F-931D-40D3-9D0B-37AF77338B7A;/ID;;#E25204;Mhuerten;EpiEpa-1;CATMA_2FE822DF-DAD1-4B6A-8D0C-4E0A7A87BB8C_EpiEpa_1;;;;
Alter (Betroffene);T_8FCB6389-511B-4999-A4E9-6DDDB66022DA;Minderjährigkeit nicht spezifiziert;CATMA_6B79399D-5227-4BAC-87F4-8ACBFC243998;/minderjährig/Minderjährigkeit nicht spezifiziert;CATMA_6262777C-8205-4331-A4C6-B9768A6FE461;#232C8D;Mhuerten;EpiEpa-1;CATMA_2FE822DF-DAD1-4B6A-8D0C-4E0A7A87BB8C_EpiEpa_1;;;;
Alter (Betroffene);T_8FCB6389-511B-4999-A4E9-6DDDB66022DA;U14;CATMA_70B3E1DF-DA17-41A4-8685-442F3D31BDAE;/minderjährig/U14;CATMA_6262777C-8205-4331-A4C6-B9768A6FE461;#D8666A;Mhuerten;EpiEpa-1;CATMA_2FE822DF-DAD1-4B6A-8D0C-4E0A7A87BB8C_EpiEpa_1;;;;
Alter (Betroffene);T_8FCB6389-511B-4999-A4E9-6DDDB66022DA;erwachsen;CATMA_EE521272-8EC0-40AC-968A-7EFB4F8B21F5;/erwachsen;;#F4EDD1;Mhuerten;EpiEpa-1;CATMA_2FE822DF-DAD1-4B6A-8D0C-4E0A7A87BB8C_EpiEpa_1;;;;
Alter (Betroffene);T_8FCB6389-511B-4999-A4E9-6DDDB66022DA;minderjährig;CATMA_6262777C-8205-4331-A4C6-B9768A6FE461;/minderjährig;;#EEF19C;Mhuerten;EpiEpa-1;CATMA_2FE822DF-DAD1-4B6A-8D0C-4E0A7A87BB8C_EpiEpa_1;;;;
Alter (Betroffene);T_8FCB6389-511B-4999-A4E9-6DDDB66022DA;Übergang zur Volljährigkeit;CATMA_3AC6C1D2-A801-4C86-B44C-3152C1BDC333;/Übergang zur Volljährigkeit;;#7F6A87;Mhuerten;EpiEpa-1;CATMA_2FE822DF-DAD1-4B6A-8D0C-4E0A7A87BB8C_EpiEpa_1;;;;
Betroffene;T_3886D87A-D947-4C2C-8372-540E0F90B866;Rahmeninformationen Betroffene;CATMA_1CC42082-7E15-4731-8570-71F4F74C8D9F;/Rahmeninformationen Betroffene;;#72BA4A;Mhuerten;EpiEpa-1;CATMA_2FE822DF-DAD1-4B6A-8D0C-4E0A7A87BB8C_EpiEpa_1;;Anzahl (Betroffene)[] CATMA_2E8EE4E3-C078-42C3-93C0-54C046563D89;Geschlecht (Betroffene)[gemischt, männlich, unklar, weiblich] CATMA_3536FF23-937E-478C-8D36-78E1FA0F53EC;ID (Betroffene)[] CATMA_55FF2210-02D8-4C7B-9F19-A2E4D311C8D1
Zitat;T_943B4DDB-41BD-411A-8F3C-97D6CC86214D;Akten;CATMA_60D697B7-C5D8-41E7-BA69-2DE7E7E71115;/Akten;;#08D055;thomasSchmidt;EpiEpa-1;CATMA_2FE822DF-DAD1-4B6A-8D0C-4E0A7A87BB8C_EpiEpa_1;;Belegung[Aktenvermerke, Personalakten, Protokolle] CATMA_4BFEB6A0-6384-497F-8A03-CB5B6C8077B1;;
Zitat;T_943B4DDB-41BD-411A-8F3C-97D6CC86214D;Beschuldigte;CATMA_2E0006E7-BB52-41BA-AF93-8AF55F73E5D5;/Beschuldigte;;#49977F;thomasSchmidt;EpiEpa-1;CATMA_2FE822DF-DAD1-4B6A-8D0C-4E0A7A87BB8C_EpiEpa_1;;;;
Zitat;T_943B4DDB-41BD-411A-8F3C-97D6CC86214D;Betroffene;CATMA_651A25AF-4812-44F4-93CD-2E2762CA7948;/Betroffene;;#0D727A;thomasSchmidt;EpiEpa-1;CATMA_2FE822DF-DAD1-4B6A-8D0C-4E0A7A87BB8C_EpiEpa_1;;;;
Zitat;T_943B4DDB-41BD-411A-8F3C-97D6CC86214D;Forschungsliteratur;CATMA_7EB8069B-FE8E-42D8-9644-F8D11856A5D5;/Forschungsliteratur;;#ECCE36;thomasSchmidt;EpiEpa-1;CATMA_2FE822DF-DAD1-4B6A-8D0C-4E0A7A87BB8C_EpiEpa_1;;;;
Zitat;T_943B4DDB-41BD-411A-8F3C-97D6CC86214D;Kirchenverantwortliche;CATMA_CEB4499C-C725-4EC8-B9A8-BE935C89C9F1;/Kirchenverantwortliche;;#DE7819;thomasSchmidt;EpiEpa-1;CATMA_2FE822DF-DAD1-4B6A-8D0C-4E0A7A87BB8C_EpiEpa_1;;;;
Zitat;T_943B4DDB-41BD-411A-8F3C-97D6CC86214D;Kirchliche MA;CATMA_C7FD72D9-E1C1-4C3F-8C4D-6E7BD621692E;/Kirchliche MA;;#0C18EF;Mhuerten;EpiEpa-1;CATMA_2FE822DF-DAD1-4B6A-8D0C-4E0A7A87BB8C_EpiEpa_1;;;;
Zitat;T_943B4DDB-41BD-411A-8F3C-97D6CC86214D;Sonstige Quellen;CATMA_8295C27C-7CEA-4712-A102-BE0D5543E742;/Sonstige Quellen;;#5F7062;Mhuerten;EpiEpa-1;CATMA_2FE822DF-DAD1-4B6A-8D0C-4E0A7A87BB8C_EpiEpa_1;;;;
Zitat;T_943B4DDB-41BD-411A-8F3C-97D6CC86214D;Umfeld;CATMA_41E25707-120D-432A-8B27-0E0D8B0E02C4;/Umfeld;;#CE98E5;thomasSchmidt;EpiEpa-1;CATMA_2FE822DF-DAD1-4B6A-8D0C-4E0A7A87BB8C_EpiEpa_1;;;;
Staatliches Vorgehen;T_910CCAE0-9D7F-41FC-BDDC-755C92D712DC;Rechtliches Verfahren, offizielle Untersuchung;CATMA_B974BBA7-13CB-431C-BA79-D1748B6BFD87;/Rechtliches Verfahren, offizielle Untersuchung;;#DF5A9D;Mhuerten;EpiEpa-1;CATMA_2FE822DF-DAD1-4B6A-8D0C-4E0A7A87BB8C_EpiEpa_1;;;;
Staatliches Vorgehen;T_910CCAE0-9D7F-41FC-BDDC-755C92D712DC;Untere Ebene mit Konsequenz;CATMA_29AB5C7F-E814-47CC-A3AA-71F8F90536FF;/Vorgehen auf unteren Ebenen/Untere Ebene mit Konsequenz;CATMA_57EB4DB5-6A1D-437F-B094-E3DD3676C276;#69560A;Mhuerten;EpiEpa-1;CATMA_2FE822DF-DAD1-4B6A-8D0C-4E0A7A87BB8C_EpiEpa_1;;;;
Staatliches Vorgehen;T_910CCAE0-9D7F-41FC-BDDC-755C92D712DC;Untere Ebene ohne Konsequenz;CATMA_30C7DCB3-ACBC-477D-81C5-2261B7E57B91;/Vorgehen auf unteren Ebenen/Untere Ebene ohne Konsequenz;CATMA_57EB4DB5-6A1D-437F-B094-E3DD3676C276;#8A2207;Mhuerten;EpiEpa-1;CATMA_2FE822DF-DAD1-4B6A-8D0C-4E0A7A87BB8C_EpiEpa_1;;;;
Staatliches Vorgehen;T_910CCAE0-9D7F-41FC-BDDC-755C92D712DC;Vorgehen auf unteren Ebenen;CATMA_57EB4DB5-6A1D-437F-B094-E3DD3676C276;/Vorgehen auf unteren Ebenen;;#851690;Mhuerten;EpiEpa-1;CATMA_2FE822DF-DAD1-4B6A-8D0C-4E0A7A87BB8C_EpiEpa_1;;;;
Staatliches Vorgehen;T_910CCAE0-9D7F-41FC-BDDC-755C92D712DC;Vorgehen untere Ebene;CATMA_654BBB1D-1ED2-463F-AE4F-31FFE0DB2672;/Vorgehen auf unteren Ebenen/Vorgehen untere Ebene;CATMA_57EB4DB5-6A1D-437F-B094-E3DD3676C276;#A85F7B;Mhuerten;EpiEpa-1;CATMA_2FE822DF-DAD1-4B6A-8D0C-4E0A7A87BB8C_EpiEpa_1;;;;
Staatliches Vorgehen;T_910CCAE0-9D7F-41FC-BDDC-755C92D712DC;rechtliches Verfahren;CATMA_D1E7D50B-0E7D-4CBA-9181-EF06EE559590;/Rechtliches Verfahren, offizielle Untersuchung/rechtliches Verfahren;CATMA_B974BBA7-13CB-431C-BA79-D1748B6BFD87;#D9489F;Mhuerten;EpiEpa-1;CATMA_2FE822DF-DAD1-4B6A-8D0C-4E0A7A87BB8C_EpiEpa_1;;;;
Staatliches Vorgehen;T_910CCAE0-9D7F-41FC-BDDC-755C92D712DC;rechtliches Verfahren mit Konsequenzen;CATMA_B11ECB5F-3D1E-49C7-849F-5F2A827DEB42;/Rechtliches Verfahren, offizielle Untersuchung/rechtliches Verfahren mit Konsequenzen;CATMA_B974BBA7-13CB-431C-BA79-D1748B6BFD87;#54AF58;Mhuerten;EpiEpa-1;CATMA_2FE822DF-DAD1-4B6A-8D0C-4E0A7A87BB8C_EpiEpa_1;;;;
Staatliches Vorgehen;T_910CCAE0-9D7F-41FC-BDDC-755C92D712DC;rechtliches Verfahren ohne Konsequenzen;CATMA_BFB36DCD-EF15-446D-92D6-AA64E8C7486C;/Rechtliches Verfahren, offizielle Untersuchung/rechtliches Verfahren ohne Konsequenzen;CATMA_B974BBA7-13CB-431C-BA79-D1748B6BFD87;#F64BE8;Mhuerten;EpiEpa-1;CATMA_2FE822DF-DAD1-4B6A-8D0C-4E0A7A87BB8C_EpiEpa_1;;;;
Handeln des Umfelds;T_207907A2-630C-4AC7-8A54-4825915F94A8;Meldung (Umfeld);CATMA_A185DDF9-4993-47E3-8B60-0E4D28E1B07B;/Meldung (Umfeld);;#D183EF;Mhuerten;EpiEpa-1;CATMA_2FE822DF-DAD1-4B6A-8D0C-4E0A7A87BB8C_EpiEpa_1;;;;
Handeln des Umfelds;T_207907A2-630C-4AC7-8A54-4825915F94A8;Neutralisierung;CATMA_1ACCBEA2-4C4D-449A-9282-F643C117AF7E;/Neutralisierung;;#10697F;Mhuerten;EpiEpa-1;CATMA_2FE822DF-DAD1-4B6A-8D0C-4E0A7A87BB8C_EpiEpa_1;;;;
Handeln des Umfelds;T_207907A2-630C-4AC7-8A54-4825915F94A8;Solidarisierung mit Beschuldigtem (Umfeld);CATMA_F6E3EB12-8B14-4853-AE59-CA2C18A6A935;/Solidarisierung mit Beschuldigtem (Umfeld);;#4FDA18;Mhuerten;EpiEpa-1;CATMA_2FE822DF-DAD1-4B6A-8D0C-4E0A7A87BB8C_EpiEpa_1;;;;
Handeln des Umfelds;T_207907A2-630C-4AC7-8A54-4825915F94A8;Solidarisierung mit Betroffenen (Umfeld);CATMA_5F650BB5-6756-42D4-B440-F853E8D5C3A3;/Solidarisierung mit Betroffenen (Umfeld);;#8A57E5;Mhuerten;EpiEpa-1;CATMA_2FE822DF-DAD1-4B6A-8D0C-4E0A7A87BB8C_EpiEpa_1;;;;
Handeln des Umfelds;T_207907A2-630C-4AC7-8A54-4825915F94A8;Verzicht auf Meldung (Umfeld);CATMA_5B97454F-BB74-4279-A37B-DA7FCE0D76E9;/Verzicht auf Meldung (Umfeld);;#0CCADE;Mhuerten;EpiEpa-1;CATMA_2FE822DF-DAD1-4B6A-8D0C-4E0A7A87BB8C_EpiEpa_1;;;;
Handeln des Umfelds;T_207907A2-630C-4AC7-8A54-4825915F94A8;Victim Blaming (Umfeld);CATMA_10403E35-6B11-432E-9230-44F427940A37;/Victim Blaming (Umfeld);;#C09544;Mhuerten;EpiEpa-1;CATMA_2FE822DF-DAD1-4B6A-8D0C-4E0A7A87BB8C_EpiEpa_1;;;;
Handeln des Umfelds;T_207907A2-630C-4AC7-8A54-4825915F94A8;Warnung;CATMA_C02ACE97-171C-483D-9B29-B19E7F15B6D6;/Warnung;;#86BE6C;Mhuerten;EpiEpa-1;CATMA_2FE822DF-DAD1-4B6A-8D0C-4E0A7A87BB8C_EpiEpa_1;;;;
Handeln des Umfelds;T_207907A2-630C-4AC7-8A54-4825915F94A8;Weiteres Handeln des Umfelds;CATMA_A928D1F0-2927-41A3-8AAC-1A82AEA004BB;/Weiteres Handeln des Umfelds;;#0F147F;Mhuerten;EpiEpa-1;CATMA_2FE822DF-DAD1-4B6A-8D0C-4E0A7A87BB8C_EpiEpa_1;;;;
Geschlecht (Betroffene);T_C4FAD21C-3070-40D1-8718-DB1FA2E9B827;ID;CATMA_57C36F09-C2E2-4817-A235-DD2D009BD5C9;/ID;;#CF94AD;Mhuerten;EpiEpa-1;CATMA_2FE822DF-DAD1-4B6A-8D0C-4E0A7A87BB8C_EpiEpa_1;;;;
Geschlecht (Betroffene);T_C4FAD21C-3070-40D1-8718-DB1FA2E9B827;männlich;CATMA_491C1421-1813-476C-80A9-E461CCA24A21;/männlich;;#691AE3;Mhuerten;EpiEpa-1;CATMA_2FE822DF-DAD1-4B6A-8D0C-4E0A7A87BB8C_EpiEpa_1;;;;
Geschlecht (Betroffene);T_C4FAD21C-3070-40D1-8718-DB1FA2E9B827;unklar;CATMA_76B8CB6D-3A64-43A4-9962-48611A6D215E;/unklar;;#3BECD6;thomasSchmidt;EpiEpa-1;CATMA_2FE822DF-DAD1-4B6A-8D0C-4E0A7A87BB8C_EpiEpa_1;;;;
Geschlecht (Betroffene);T_C4FAD21C-3070-40D1-8718-DB1FA2E9B827;weiblich;CATMA_CC68784B-9178-4E0A-B4A0-5513728C0DB5;/weiblich;;#3539FF;thomasSchmidt;EpiEpa-1;CATMA_2FE822DF-DAD1-4B6A-8D0C-4E0A7A87BB8C_EpiEpa_1;;;;
Framing der Taten;T_2438FD8C-F2BD-41B0-AFE4-AA6AF25801D0;Dummheit;CATMA_B9C42C77-32E3-4E40-9725-60C636A754AF;/Dummheit;;#89B4F0;Mhuerten;EpiEpa-1;CATMA_2FE822DF-DAD1-4B6A-8D0C-4E0A7A87BB8C_EpiEpa_1;;;;
Framing der Taten;T_2438FD8C-F2BD-41B0-AFE4-AA6AF25801D0;Gefahr für priesterliches Ansehen;CATMA_994AD716-6C79-49B1-B48A-11AEB8300355;/Gefahr für priesterliches Ansehen;;#3C1F4C;Mhuerten;EpiEpa-1;CATMA_2FE822DF-DAD1-4B6A-8D0C-4E0A7A87BB8C_EpiEpa_1;;;;
Framing der Taten;T_2438FD8C-F2BD-41B0-AFE4-AA6AF25801D0;Kirchenrechtlich;CATMA_5627441E-9527-4A3F-BC56-E783D29ACECA;/Kirchenrechtlich;;#00D831;Mhuerten;EpiEpa-1;CATMA_2FE822DF-DAD1-4B6A-8D0C-4E0A7A87BB8C_EpiEpa_1;;;;
Framing der Taten;T_2438FD8C-F2BD-41B0-AFE4-AA6AF25801D0;Liebesbeziehung;CATMA_B1F08B14-5504-41F4-AFCF-E502CDB2EA9D;/Verhältnis/Liebesbeziehung;CATMA_0EA3F884-6C6C-4934-B480-30E0637E8B20;#0B42A9;Mhuerten;EpiEpa-1;CATMA_2FE822DF-DAD1-4B6A-8D0C-4E0A7A87BB8C_EpiEpa_1;;;;
Framing der Taten;T_2438FD8C-F2BD-41B0-AFE4-AA6AF25801D0;Missbrauch;CATMA_3B3B19B0-7DA0-4893-A328-7CF7A581786E;/Missbrauch;;#35FCE5;Mhuerten;EpiEpa-1;CATMA_2FE822DF-DAD1-4B6A-8D0C-4E0A7A87BB8C_EpiEpa_1;;;;
Framing der Taten;T_2438FD8C-F2BD-41B0-AFE4-AA6AF25801D0;Schutz- und Hilfsbedürftigkeit;CATMA_49963C6E-25AA-420B-861A-0C0B46A9A36C;/Schutz- und Hilfsbedürftigkeit;;#6CC9BF;thomasSchmidt;EpiEpa-1;CATMA_2FE822DF-DAD1-4B6A-8D0C-4E0A7A87BB8C_EpiEpa_1;;;;
Framing der Taten;T_2438FD8C-F2BD-41B0-AFE4-AA6AF25801D0;Strafrechtlich;CATMA_B2A70BB2-B8E3-4CC6-AD7E-AC32AD8F0A83;/Strafrechtlich;;#B748CC;Mhuerten;EpiEpa-1;CATMA_2FE822DF-DAD1-4B6A-8D0C-4E0A7A87BB8C_EpiEpa_1;;;;
Framing der Taten;T_2438FD8C-F2BD-41B0-AFE4-AA6AF25801D0;Verführung;CATMA_B6C64190-C51C-40B5-A6D0-39F6CF4D0949;/Verführung;;#1143E0;thomasSchmidt;EpiEpa-1;CATMA_2FE822DF-DAD1-4B6A-8D0C-4E0A7A87BB8C_EpiEpa_1;;;;
Framing der Taten;T_2438FD8C-F2BD-41B0-AFE4-AA6AF25801D0;Verhältnis;CATMA_0EA3F884-6C6C-4934-B480-30E0637E8B20;/Verhältnis;;#39AD9A;thomasSchmidt;EpiEpa-1;CATMA_2FE822DF-DAD1-4B6A-8D0C-4E0A7A87BB8C_EpiEpa_1;;;;
Framing der Taten;T_2438FD8C-F2BD-41B0-AFE4-AA6AF25801D0;Verhältnis nicht weiter spezifiziert;CATMA_D6813191-08A6-4B4A-AE8E-7E4B8D5A86AC;/Verhältnis/Verhältnis nicht weiter spezifiziert;CATMA_0EA3F884-6C6C-4934-B480-30E0637E8B20;#4A87A8;Mhuerten;EpiEpa-1;CATMA_2FE822DF-DAD1-4B6A-8D0C-4E0A7A87BB8C_EpiEpa_1;;;;
Framing der Taten;T_2438FD8C-F2BD-41B0-AFE4-AA6AF25801D0;Verstoß gegen 6. Gebot;CATMA_99FEDEDB-3705-4AE0-B0E5-87668C67C11D;/Verstoß gegen 6. Gebot;;#969C47;Mhuerten;EpiEpa-1;CATMA_2FE822DF-DAD1-4B6A-8D0C-4E0A7A87BB8C_EpiEpa_1;;;;
Framing der Taten;T_2438FD8C-F2BD-41B0-AFE4-AA6AF25801D0;Weitere Framings;CATMA_C55E620F-3FA0-452E-8393-8B8FFD6788EC;/Weitere Framings;;#CF0ADF;Mhuerten;EpiEpa-1;CATMA_2FE822DF-DAD1-4B6A-8D0C-4E0A7A87BB8C_EpiEpa_1;;;;
Framing der Taten;T_2438FD8C-F2BD-41B0-AFE4-AA6AF25801D0;Zölibatsverstoß;CATMA_FF84C8AC-BA1D-4290-AAEB-8100EDC4076E;/Zölibatsverstoß;;#6E08A9;thomasSchmidt;EpiEpa-1;CATMA_2FE822DF-DAD1-4B6A-8D0C-4E0A7A87BB8C_EpiEpa_1;;;;
Framing der Taten;T_2438FD8C-F2BD-41B0-AFE4-AA6AF25801D0;der Frau;CATMA_E581AE42-A155-4E92-9E03-BEAD94913846;/Verführung/der Frau;CATMA_B6C64190-C51C-40B5-A6D0-39F6CF4D0949;#C9F43C;Mhuerten;EpiEpa-1;CATMA_2FE822DF-DAD1-4B6A-8D0C-4E0A7A87BB8C_EpiEpa_1;;;;
Framing der Taten;T_2438FD8C-F2BD-41B0-AFE4-AA6AF25801D0;durch Frau;CATMA_165C9AC8-DA45-4732-9277-16169489C0B3;/Verführung/durch Frau;CATMA_B6C64190-C51C-40B5-A6D0-39F6CF4D0949;#4FDF8B;Mhuerten;EpiEpa-1;CATMA_2FE822DF-DAD1-4B6A-8D0C-4E0A7A87BB8C_EpiEpa_1;;;;
Framing der Taten;T_2438FD8C-F2BD-41B0-AFE4-AA6AF25801D0;moralische Verurteilung;CATMA_841CE011-ADA3-4952-B2D4-B5EB4D515CB0;/moralische Verurteilung;;#7A21D0;Mhuerten;EpiEpa-1;CATMA_2FE822DF-DAD1-4B6A-8D0C-4E0A7A87BB8C_EpiEpa_1;;;;
Framing der Taten;T_2438FD8C-F2BD-41B0-AFE4-AA6AF25801D0;sexuelle Handlungen;CATMA_F6C92357-BF1A-4EE0-B403-459BC314B5A8;/Verhältnis/sexuelle Handlungen;CATMA_0EA3F884-6C6C-4934-B480-30E0637E8B20;#0DA91B;Mhuerten;EpiEpa-1;CATMA_2FE822DF-DAD1-4B6A-8D0C-4E0A7A87BB8C_EpiEpa_1;;;;
Framing der Taten;T_2438FD8C-F2BD-41B0-AFE4-AA6AF25801D0;unerheblich;CATMA_1374DE64-8337-41B4-A889-4661FF3E56D3;/unerheblich;;#CE3C5B;Mhuerten;EpiEpa-1;CATMA_2FE822DF-DAD1-4B6A-8D0C-4E0A7A87BB8C_EpiEpa_1;;;;
Framing der Taten;T_2438FD8C-F2BD-41B0-AFE4-AA6AF25801D0;verklausuliert;CATMA_C4A505D5-21A7-4196-B2CA-8124DA7CC45F;/verklausuliert;;#FE7BFF;Mhuerten;EpiEpa-1;CATMA_2FE822DF-DAD1-4B6A-8D0C-4E0A7A87BB8C_EpiEpa_1;;;;
Framing der Taten;T_2438FD8C-F2BD-41B0-AFE4-AA6AF25801D0;Übergriff, Gewalt etc.;CATMA_A7AB564A-56CC-4FB8-8856-8D253649660E;/Übergriff, Gewalt etc.;;#08874C;Mhuerten;EpiEpa-1;CATMA_2FE822DF-DAD1-4B6A-8D0C-4E0A7A87BB8C_EpiEpa_1;;;;
Handeln der Beschuldigten;T_E13E70B8-B2E6-476F-BB78-7193CD50375F;Anbahnung;CATMA_48E36190-A8C4-470D-8A64-D9D1D5E52BA2;/Anbahnung;;#5F5038;Mhuerten;EpiEpa-1;CATMA_2FE822DF-DAD1-4B6A-8D0C-4E0A7A87BB8C_EpiEpa_1;;;;
Handeln der Beschuldigten;T_E13E70B8-B2E6-476F-BB78-7193CD50375F;Durchführung;CATMA_9431700E-21CF-4D15-9ACD-B1EB0743B76A;/Durchführung;;#DCAADC;Mhuerten;EpiEpa-1;CATMA_2FE822DF-DAD1-4B6A-8D0C-4E0A7A87BB8C_EpiEpa_1;;;;
Handeln der Beschuldigten;T_E13E70B8-B2E6-476F-BB78-7193CD50375F;Geständnis;CATMA_EEA0D644-183C-4A2F-91DC-0F509FE577CD;/Geständnis;;#4B731A;Mhuerten;EpiEpa-1;CATMA_2FE822DF-DAD1-4B6A-8D0C-4E0A7A87BB8C_EpiEpa_1;;;;
Handeln der Beschuldigten;T_E13E70B8-B2E6-476F-BB78-7193CD50375F;Schritte der Wiedergutmachung;CATMA_F76B5CB5-7943-4581-949F-AAB3A8F69B40;/Schritte der Wiedergutmachung;;#673EC3;Mhuerten;EpiEpa-1;CATMA_2FE822DF-DAD1-4B6A-8D0C-4E0A7A87BB8C_EpiEpa_1;;;;
Handeln der Beschuldigten;T_E13E70B8-B2E6-476F-BB78-7193CD50375F;Sonstige Vertuschung;CATMA_98C765F9-243B-4C93-9E49-5352101777E6;/Vertuschung/Sonstige Vertuschung;CATMA_429E64D1-1625-42E3-AA70-C3A0E4AF5E8B;#72451B;Mhuerten;EpiEpa-1;CATMA_2FE822DF-DAD1-4B6A-8D0C-4E0A7A87BB8C_EpiEpa_1;;;;
Handeln der Beschuldigten;T_E13E70B8-B2E6-476F-BB78-7193CD50375F;Vertuschung;CATMA_429E64D1-1625-42E3-AA70-C3A0E4AF5E8B;/Vertuschung;;#152B2D;Mhuerten;EpiEpa-1;CATMA_2FE822DF-DAD1-4B6A-8D0C-4E0A7A87BB8C_EpiEpa_1;;;;
Handeln der Beschuldigten;T_E13E70B8-B2E6-476F-BB78-7193CD50375F;Victim Blaming (Beschuldigte);CATMA_F5BA6FEE-FAC8-4EC3-8895-E3B678581C5D;/Vertuschung/Victim Blaming (Beschuldigte);CATMA_429E64D1-1625-42E3-AA70-C3A0E4AF5E8B;#BD6214;Mhuerten;EpiEpa-1;CATMA_2FE822DF-DAD1-4B6A-8D0C-4E0A7A87BB8C_EpiEpa_1;;;;
Handeln der Beschuldigten;T_E13E70B8-B2E6-476F-BB78-7193CD50375F;Weiteres Handeln der Beschuldigten;CATMA_90CB3A2D-7E2C-466B-B8B1-CF73F0E8667D;/Weiteres Handeln der Beschuldigten;;#5B3081;Mhuerten;EpiEpa-1;CATMA_2FE822DF-DAD1-4B6A-8D0C-4E0A7A87BB8C_EpiEpa_1;;;;
Tatort;T_530AF997-870B-413E-9C4B-08D1E2527516;Büro Beschuldigte*r;CATMA_BA156DEB-1216-4150-8D5E-F5F83A64534A;/Büro Beschuldigte*r;;#AC885A;Mhuerten;EpiEpa-1;CATMA_2FE822DF-DAD1-4B6A-8D0C-4E0A7A87BB8C_EpiEpa_1;;;;
Tatort;T_530AF997-870B-413E-9C4B-08D1E2527516;Kirche;CATMA_569A0312-A7C9-463F-AF9A-8FFE4121D079;/Kirche;;#658398;Mhuerten;EpiEpa-1;CATMA_2FE822DF-DAD1-4B6A-8D0C-4E0A7A87BB8C_EpiEpa_1;;;;
Tatort;T_530AF997-870B-413E-9C4B-08D1E2527516;Pfarrhaus;CATMA_2747C9AF-C553-4190-8F88-8BA14713A6E1;/Pfarrhaus;;#17E341;Mhuerten;EpiEpa-1;CATMA_2FE822DF-DAD1-4B6A-8D0C-4E0A7A87BB8C_EpiEpa_1;;;;
Tatort;T_530AF997-870B-413E-9C4B-08D1E2527516;Privaträume der Betroffenen;CATMA_2F5CFB85-9A14-46E2-A940-7E7196A231E2;/Privaträume der Betroffenen;;#E50746;Mhuerten;EpiEpa-1;CATMA_2FE822DF-DAD1-4B6A-8D0C-4E0A7A87BB8C_EpiEpa_1;;;;
Tatort;T_530AF997-870B-413E-9C4B-08D1E2527516;Reisen und Ausflüge;CATMA_C20CB8FA-95D6-4DDB-A81B-05D2469A0A67;/Reisen und Ausflüge;;#47F8E5;Mhuerten;EpiEpa-1;CATMA_2FE822DF-DAD1-4B6A-8D0C-4E0A7A87BB8C_EpiEpa_1;;;;
Tatort;T_530AF997-870B-413E-9C4B-08D1E2527516;Weitere öffentiche Orte;CATMA_16C996D0-7357-42FA-801B-BB1D82282D10;/Weitere öffentiche Orte;;#401928;Mhuerten;EpiEpa-1;CATMA_2FE822DF-DAD1-4B6A-8D0C-4E0A7A87BB8C_EpiEpa_1;;;;
