,start,end,id,text,tag_type_id,tag_type,catma_markupauthor,catma_markuptimestamp,catma_displaycolor,Art,Belegung
0,0,1580,no_annotation_0,"#######################

Seite 22

22 Bei der Sichtung der Datei „_Gesamtübersicht und Anträge auf Anerkennung des Leids“, haben  wir festgestellt, dass hier lediglich zwei Kleriker fehlten, die sowohl in der Excel-Datei „Beschul- digeninkard“ als auch im Compliance-Bericht der Kanzlei Axis enthalten waren. Nach unserer  Überprüfung haben wir diese beiden Kleriker, in die überarbeitete Excel Datei aufgenommen, so  dass diese nun den Gesamtüberblick über die beschuldigten Priester darstellt.  Zu einer Person waren in der Ursprungsdatei bis auf deren Namen keine weiteren Angaben  enthalten, daher haben wir diese Information entfernt. Zusätzlich haben wir in der überarbei- teten Excel-Datei soweit es uns möglich war, einige fehlende Information z.B. zum Tatzeitpunkt  oder zu den Meldungen ergänzt. Die überarbeitete Excel-Datei, deren Daten wir mit Hilfe des  Statistikprogramms SPSS ausgewertet haben, enthält insgesamt Angaben zu 191 Personen, von  denen 16 nicht namentlich bekannt sind und gibt den Stand im Jahr 2021 wieder.5 Wie schon er- wähnt wurden bei einer Meldung zwei namentlich nicht bekannte Kapläne beschuldigt. Diese  haben wir bei der Auswertung, wie eine Person behandelt, so dass der Datensatz aus 190 „Perso- nen“ besteht. Da wir von einer hohen Dunkelziffer von Missbrauchsfällen ausgehen, die nicht in  den Akten dokumentiert sind und zu denen es bisher noch keine Meldung gibt, sind die folgen- den Auswertungen als wichtige Informationen zu verstehen, die jedoch nicht das tatsächliche  Ausmaß an sexualisierter Gewalt im Bistum Essen darstellen. ",,,,,,,
1,1580,1585,E-1,Eine ,CATMA_7C23CC13-B5FE-4F69-AAB7-935F31D614C3,Start,Mhuerten,2025-06-05T17:42:54.103+0200,-399266,,
2,1585,1808,no_annotation_1,"Besonderheit des von uns verwendeten Datensatzes ist, dass er auch Daten zu 19 beschul- digten Personen enthält, die aus Sicht des Bistums Essen als rehabilitiert anzusehen sind. Hierzu  sind bei sechs Beschuldigten genaue ",,,,,,,
3,1808,1850,CATMA_06695039-3A3F-4B63-843A-E4DEBFAA6F5E,Angaben zu Gründen angegeben: (1) Vorwurf ,CATMA_60D697B7-C5D8-41E7-BA69-2DE7E7E71115,Akten,Mhuerten,2025-06-05T17:44:07.206+0200,-16199595,direkt,
4,1850,1959,CATMA_06695039-3A3F-4B63-843A-E4DEBFAA6F5E,zurückgenom- men; (2) Vorwurf nicht aufrecht zu erhalten; (3) Mangel an Beweisen; (4) widerrufen; (5) nicht  ,CATMA_60D697B7-C5D8-41E7-BA69-2DE7E7E71115,Akten,Mhuerten,2025-06-05T17:44:07.206+0200,-16199595,direkt,
5,1959,1977,CATMA_06695039-3A3F-4B63-843A-E4DEBFAA6F5E,plausibel und (6) ,CATMA_60D697B7-C5D8-41E7-BA69-2DE7E7E71115,Akten,Mhuerten,2025-06-05T17:44:07.206+0200,-16199595,direkt,
6,1977,1997,CATMA_03E5B283-B0D0-449A-9C34-91D100925AB4,kein sex. Missbrauch,CATMA_1374DE64-8337-41B4-A889-4661FF3E56D3,unerheblich,Mhuerten,2025-06-05T17:43:49.753+0200,-3261349,,
7,1977,1997,CATMA_06695039-3A3F-4B63-843A-E4DEBFAA6F5E,kein sex. Missbrauch,CATMA_60D697B7-C5D8-41E7-BA69-2DE7E7E71115,Akten,Mhuerten,2025-06-05T17:44:07.206+0200,-16199595,direkt,
8,1997,1998,CATMA_06695039-3A3F-4B63-843A-E4DEBFAA6F5E,/,CATMA_60D697B7-C5D8-41E7-BA69-2DE7E7E71115,Akten,Mhuerten,2025-06-05T17:44:07.206+0200,-16199595,direkt,
9,1998,2008,CATMA_BC242E97-5776-45EE-935F-35FB8F4BA992,volljährig,CATMA_EE521272-8EC0-40AC-968A-7EFB4F8B21F5,erwachsen,Mhuerten,2025-06-05T17:43:26.819+0200,-725551,,
10,1998,2008,CATMA_06695039-3A3F-4B63-843A-E4DEBFAA6F5E,volljährig,CATMA_60D697B7-C5D8-41E7-BA69-2DE7E7E71115,Akten,Mhuerten,2025-06-05T17:44:07.206+0200,-16199595,direkt,
11,1998,2008,,volljährig,CATMA_F652635C-A0CC-4F61-A2B4-D163F685F0FF,End,Mhuerten,2025-06-05T17:43:19.225+0200,-9667700,,
12,2008,7784,no_annotation_2,". Zu dieser Gruppe gehören acht Diözesanpries- ter, ein Diakon, sechs Ordenspriester und vier weltliche Mitarbeiter. 2.1	 Zuordnung der Beschuldigten zu Personengruppen Bei der Zuordnung der Beschuldigten zu Personengruppen6 zeigt die weitere Analyse, dass die  prozentuale Verteilung sowohl bei der Miteinbeziehung der Rehabilitierten als auch wenn diese  nicht mit einbezogen sind, fast identisch bleibt. 5	 Bei den zehn Meldungen, die wir im Rahmen des Aufrufs des IPP von 2020 erhalten haben, wurden zusätzlich noch  zwei bisher nicht beschuldigte Kleriker genannt. Aufgrund unvollständiger Informationen, haben wir diese beiden  Kleriker nicht in die statistische Auswertung aufgenommen. 6	 Zu der Gruppe der Diözesanpriester wurden auch die fünf Priester gezählt, die in anderen (Erz-) Bistümer inkardiniert  waren bzw. sind und zweitweise im Bistum Essen eingesetzt wurden. 

#######################

Seite 56

56 gesetzt, soll N. aber im Dienst der Erzdiözese bleiben. Das Gehalt wird weitergeführt wie bisher.  Gruber informiert seinen Essener Kollegen mit Datum vom 28.01.1985 noch gesondert über die  Lage. Stüting antwortet am 18.02.1985 und bedankt sich für die „verständnisvolle und entgegen- kommende Behandlung seitens des Erzbischöflichen Ordinariats“. Immer hin gibt er auch seiner  Hoffnung Ausdruck, dass den betroffenen Jugendlichen kein bleibender Schaden erwächst und  dass Kaplan N. mit Hilfe seines Arztes die richtigen Konsequenzen zieht.  Am 24. März 1986 berichtet Gruber dem Essener Generalvikar schriftlich, dass die Anklage- schrift nun vorliege und den Vorwurf des sexuellen Missbrauchs von Kindern und mehrere Ver- gehen des sexuellen Missbrauchs von Schutzbefohlenen enthalte. Gruber gibt seiner Hoffnung  Ausdruck, dass eine Bewährungsstrafe möglich sein kann. Er begründet dies mit dem Sachver- ständigen-Gutachten, das voraussichtlich wegen „Störungen der Persönlichkeitsentwicklung in  dem fraglichen Bereich“ eine verminderte Schuldfähigkeit attestieren wird. Zum anderen sei N.  geständig. Der dritte genannte Grund macht die Verwobenheit der katholischen Kirche mit der  Zivilgesellschaft auf drastische Weise deutlich. Gruber schreibt: „Der vorsitzende Richter wird Herr B. sein. Er ist praktizierender Katholik, ein Bruder von (…)  dem (…) Vizepräsidenten im Zentralkomitee der deutschen Katholiken. Es besteht begründete  Hoffnung, daß alle Beteiligten jedes Aufsehen in der Öffentlichkeit vermeiden werden.“ Mithilfe eines katholischen Richters kann die Institution Kirche vor einem Skandal geschützt  werden. Stüting schreibt daraufhin an den „Lieben Herrn Kaplan“, er dürfe sicher sein, dass sein Hei- matbistum ihn nicht alleine lasse, „wie auch immer das Urteil lauten mag“. Am 18.06.1986 verurteilt das zuständige Amtsgericht N. zu 16 Monaten Freiheitsstrafe, die auf  fünf Jahre zur Bewährung ausgesetzt wird und zur Zahlung von 4000 Mark an die katholische Ju- gendfürsorge. Für die Berufsausübung wurden keine Auflagen gegeben. N. erklärte von sich aus,  keine Aufgaben in Jugendarbeit oder Schule übernehmen zu wollen. Er wolle „dieses gefährliche  Metier meiden“. (Brief von Gruber an Stüting vom 20.06.1986). Gruber schreibt weiter, es stelle  sich nun die Frage, wie es mit N. im Erzbistum München-Freising weitergehen könne. Er habe  da schon Ideen, müsse diese aber erst noch mit dem Kardinal besprechen. N. solle auf jeden Fall  die Therapie bei Dr. K. fortsetzen. Das Festhalten an der Verwendung von N. in der Seelsorge wird auch dadurch deutlich, dass bei  der Glaubenskongregation in Rom die Erlaubnis eingeholt wird, dass N. aufgrund seiner Alko- holkrankheit, die heilige Eucharistie ohne vergorenen Wein feiern darf. Am 03.10.1986 wird die  entsprechende Erlaubnis erteilt. Nach einem guten Jahr Einsatz in der Altenheim-Seelsorge wird  N. schon Ende 1987 wieder in einer Gemeinde eingesetzt. J. wird sein neues Wirkungsfeld, das  er ohne Einschränkungen (und ohne an seine Versicherung vor Gericht zu erinnern, dass er auf  Jugendarbeit und Schuldienst verzichten wolle) wahrnimmt. 

#######################

Seite 204

204 „Und wie oft hätte man ihn am Bahnhof gesehen, und wie oft hätte man ihn in eben diesem  Haus mit Jungen, angeblich Schulfreunden, Neffen, und man würde zusammen eine Pizza es- sen. Und es hätten doch alle gewusst. Und es wär doch schlicht gelogen zu sagen, dass das nicht  bekannt gewesen sei. Und beide Damen fanden das ganz schlimm.“ (Bistumsverantwortlicher) In einem hierarchischen System wie dem Bistum können die Mitarbeitenden auf den unte- ren Hierarchiestufen auch noch in den 1990er und 2000er Jahren ihre Vorgesetzten nicht an- schwärzen. Sie können noch nicht einmal ihr Wissen auf der Ebene von Gerüchten und Getu- schel teilen.  „…die beiden Herzen von Damen, obrigkeitstreu ist gar kein Ausdruck. Die (…) sind in einer  ganz anderen Generation großgeworden, das war die Generation, die dem Herrn Offizial noch  das Bütterchen geschmiert haben und alles getan haben. Und wenn die was nicht sagen sollten,  haben die nichts gesagt (…) und da haben die mit den anderen auch nicht drüber geredet. Das  lag gar nicht in deren – oder liegt gar nicht in deren Natur. Und zu versuchen, sie zu ermuntern  zu sprechen, auch in späteren Zeiten, wenn ihnen was nicht gefallen hat, ein ganz einfacher  Arbeitszusammenhang und ich versucht hab zu ermuntern, wenn das doch so und so einfacher  wäre, dann sprecht doch mal drüber. Lasst uns doch mal offen – das war nicht möglich.“ (Bis- tumsverantwortlicher) Vernebelungsstrategien Trotz der im Laufe der Jahre immer ungenierter ausgelebten Sexualität gelang es U. E. über einen  langen Zeitraum, seine Umgebung im Unklaren zu lassen. Er war unkonventionell – vor allem  als Priester – aber doch sehr bourgeois in seinem Lebensstil. ",,,,,,,
13,7784,7789,E-2,Dazu ,CATMA_7C23CC13-B5FE-4F69-AAB7-935F31D614C3,Start,Mhuerten,2025-06-05T17:49:02.055+0200,-399266,,
14,7789,7797,no_annotation_3,kam ein ,,,,,,,
15,7797,7831,CATMA_CFBEBF54-8376-4D23-9C11-0A3AE7520BBA,zugewandtes Ver- halten gegenüber ,CATMA_1374DE64-8337-41B4-A889-4661FF3E56D3,unerheblich,Mhuerten,2025-06-05T17:49:41.512+0200,-3261349,,
16,7831,7837,CATMA_CFBEBF54-8376-4D23-9C11-0A3AE7520BBA,Frauen,CATMA_1374DE64-8337-41B4-A889-4661FF3E56D3,unerheblich,Mhuerten,2025-06-05T17:49:41.512+0200,-3261349,,
17,7837,7839,no_annotation_4,. ,,,,,,,
18,7839,7864,CATMA_C34B2F38-F0F1-4891-A511-F364D3A9F22D,"Zeitzeuginnen berichten, ",CATMA_41E25707-120D-432A-8B27-0E0D8B0E02C4,Umfeld,Mhuerten,2025-06-05T17:50:43.073+0200,-3237659,,indirekt
19,7864,7885,CATMA_823A8B67-67F6-4FBC-B105-71DC1FF61B16,dass U. E. gerne mit ,CATMA_EDCD3519-38C9-49EA-B042-3CBB9835B96A,Sprache/Gesten/Aufforderungen,Mhuerten,2025-06-05T17:52:29.453+0200,-8819905,,anzügliche Sprache
20,7864,7885,CATMA_C34B2F38-F0F1-4891-A511-F364D3A9F22D,dass U. E. gerne mit ,CATMA_41E25707-120D-432A-8B27-0E0D8B0E02C4,Umfeld,Mhuerten,2025-06-05T17:50:43.073+0200,-3237659,,indirekt
21,7885,7891,CATMA_0FAA011D-9C87-4114-AFC4-494E19E37859,Frauen,CATMA_CC68784B-9178-4E0A-B4A0-5513728C0DB5,weiblich,Mhuerten,2025-06-05T17:53:51.520+0200,-13288961,,
22,7885,7891,CATMA_823A8B67-67F6-4FBC-B105-71DC1FF61B16,Frauen,CATMA_EDCD3519-38C9-49EA-B042-3CBB9835B96A,Sprache/Gesten/Aufforderungen,Mhuerten,2025-06-05T17:52:29.453+0200,-8819905,,anzügliche Sprache
23,7885,7891,CATMA_C34B2F38-F0F1-4891-A511-F364D3A9F22D,Frauen,CATMA_41E25707-120D-432A-8B27-0E0D8B0E02C4,Umfeld,Mhuerten,2025-06-05T17:50:43.073+0200,-3237659,,indirekt
24,7885,7891,CATMA_98146F40-B289-4A86-83B5-7BE52C8341D7,Frauen,CATMA_EE521272-8EC0-40AC-968A-7EFB4F8B21F5,erwachsen,Mhuerten,2025-06-05T17:53:34.228+0200,-725551,,
25,7891,7892,CATMA_0FAA011D-9C87-4114-AFC4-494E19E37859, ,CATMA_CC68784B-9178-4E0A-B4A0-5513728C0DB5,weiblich,Mhuerten,2025-06-05T17:53:51.520+0200,-13288961,,
26,7891,7892,CATMA_823A8B67-67F6-4FBC-B105-71DC1FF61B16, ,CATMA_EDCD3519-38C9-49EA-B042-3CBB9835B96A,Sprache/Gesten/Aufforderungen,Mhuerten,2025-06-05T17:52:29.453+0200,-8819905,,anzügliche Sprache
27,7891,7892,CATMA_C34B2F38-F0F1-4891-A511-F364D3A9F22D, ,CATMA_41E25707-120D-432A-8B27-0E0D8B0E02C4,Umfeld,Mhuerten,2025-06-05T17:50:43.073+0200,-3237659,,indirekt
28,7892,7900,CATMA_823A8B67-67F6-4FBC-B105-71DC1FF61B16,flirtete,CATMA_EDCD3519-38C9-49EA-B042-3CBB9835B96A,Sprache/Gesten/Aufforderungen,Mhuerten,2025-06-05T17:52:29.453+0200,-8819905,,anzügliche Sprache
29,7892,7900,CATMA_C34B2F38-F0F1-4891-A511-F364D3A9F22D,flirtete,CATMA_41E25707-120D-432A-8B27-0E0D8B0E02C4,Umfeld,Mhuerten,2025-06-05T17:50:43.073+0200,-3237659,,indirekt
30,7900,7932,CATMA_C34B2F38-F0F1-4891-A511-F364D3A9F22D,", dazu ein  guter Tänzer war und",CATMA_41E25707-120D-432A-8B27-0E0D8B0E02C4,Umfeld,Mhuerten,2025-06-05T17:50:43.073+0200,-3237659,,indirekt
31,7932,7942,CATMA_C34B2F38-F0F1-4891-A511-F364D3A9F22D, nicht den,CATMA_41E25707-120D-432A-8B27-0E0D8B0E02C4,Umfeld,Mhuerten,2025-06-05T17:50:43.073+0200,-3237659,,indirekt
32,7932,7942,CATMA_1AD860A1-B88B-412F-86A5-F14AB2B85650, nicht den,CATMA_429E64D1-1625-42E3-AA70-C3A0E4AF5E8B,Vertuschung,Mhuerten,2025-06-05T17:52:55.659+0200,-15389907,,
33,7942,7978,CATMA_C34B2F38-F0F1-4891-A511-F364D3A9F22D," Eindruck vermittelte, er sei schwul",CATMA_41E25707-120D-432A-8B27-0E0D8B0E02C4,Umfeld,Mhuerten,2025-06-05T17:50:43.073+0200,-3237659,,indirekt
34,7942,7978,CATMA_1AD860A1-B88B-412F-86A5-F14AB2B85650," Eindruck vermittelte, er sei schwul",CATMA_429E64D1-1625-42E3-AA70-C3A0E4AF5E8B,Vertuschung,Mhuerten,2025-06-05T17:52:55.659+0200,-15389907,,
35,7978,7979,CATMA_C34B2F38-F0F1-4891-A511-F364D3A9F22D,:,CATMA_41E25707-120D-432A-8B27-0E0D8B0E02C4,Umfeld,Mhuerten,2025-06-05T17:50:43.073+0200,-3237659,,indirekt
36,7979,7980,no_annotation_5, ,,,,,,,
37,7980,7990,CATMA_43B6313D-025E-4A44-907D-ED7A2DCAAC63,„Der hatte,CATMA_41E25707-120D-432A-8B27-0E0D8B0E02C4,Umfeld,Mhuerten,2025-06-11T12:41:52.667+0200,-3237659,,direkt
38,7990,8074,CATMA_43B6313D-025E-4A44-907D-ED7A2DCAAC63," wirklich eine Menge Wissen, ein hochbeweglicher Kopf, eine charmante Art. Der war  ",CATMA_41E25707-120D-432A-8B27-0E0D8B0E02C4,Umfeld,Mhuerten,2025-06-11T12:41:52.667+0200,-3237659,,direkt
39,8074,8104,CATMA_43B6313D-025E-4A44-907D-ED7A2DCAAC63,eigentlich immer ein bisschen ,CATMA_41E25707-120D-432A-8B27-0E0D8B0E02C4,Umfeld,Mhuerten,2025-06-11T12:41:52.667+0200,-3237659,,direkt
40,8104,8110,CATMA_C3572638-299A-4A22-9EA2-F94E2A1B695F,flirty,CATMA_EDCD3519-38C9-49EA-B042-3CBB9835B96A,Sprache/Gesten/Aufforderungen,Mhuerten,2025-06-05T17:53:14.505+0200,-8819905,,anzügliche Sprache
41,8104,8110,CATMA_43B6313D-025E-4A44-907D-ED7A2DCAAC63,flirty,CATMA_41E25707-120D-432A-8B27-0E0D8B0E02C4,Umfeld,Mhuerten,2025-06-11T12:41:52.667+0200,-3237659,,direkt
42,8110,8162,CATMA_43B6313D-025E-4A44-907D-ED7A2DCAAC63,", aber ohne dabei irgendwie auch nur annähernd sowas",CATMA_41E25707-120D-432A-8B27-0E0D8B0E02C4,Umfeld,Mhuerten,2025-06-11T12:41:52.667+0200,-3237659,,direkt
43,8162,8250,CATMA_43B6313D-025E-4A44-907D-ED7A2DCAAC63,"  wie eine schwule Tanzmaus zu sein oder sowas. Der hatte echt Klasse, der hatte richtig",CATMA_41E25707-120D-432A-8B27-0E0D8B0E02C4,Umfeld,Mhuerten,2025-06-11T12:41:52.667+0200,-3237659,,direkt
44,8250,8251,CATMA_43B6313D-025E-4A44-907D-ED7A2DCAAC63, ,CATMA_41E25707-120D-432A-8B27-0E0D8B0E02C4,Umfeld,Mhuerten,2025-06-11T12:41:52.667+0200,-3237659,,direkt
45,8251,8257,CATMA_43B6313D-025E-4A44-907D-ED7A2DCAAC63,Klasse,CATMA_41E25707-120D-432A-8B27-0E0D8B0E02C4,Umfeld,Mhuerten,2025-06-11T12:41:52.667+0200,-3237659,,direkt
46,8251,8257,,Klasse,CATMA_F652635C-A0CC-4F61-A2B4-D163F685F0FF,End,Mhuerten,2025-06-05T17:51:45.578+0200,-9667700,,
47,8257,9141,no_annotation_6,".“ So gelang es U. E., Mitarbeitende des Bistums Essen über seine tatsächlichen Zölibatsverstöße  und seine sexuelle Orientierung lange Zeit im Unklaren zu lassen. Dies nutzten die meisten sei- ner Kollegen und Kolleginnen sowie Vorgesetzten im Bistum, um sich und anderen gegenüber  immer wieder zu versichern, sie hätten von nichts gewusst und nie etwas mitbekommen.  Mit diesem verschwommenen Bild konnte U. E. auch seine promiskuitive Sexualität verschlei- ern. Diejenigen, die von seiner sexuellen Orientierung ahnten oder wussten, konnten sich zum  einen einreden, er habe ja einen festen Partner. Auch das widerspricht dem Zölibat, lässt sich  aber gut in eine bürgerliche Sicht auf Sexualität integrieren. Eine monogame Beziehung klingt  nach Ehe, nach einer gewissen Biederkeit, Verlässlichkeit und nicht nach sexueller Obsession.  

#######################

Seite 205

205 „",,,,,,,
48,9141,9146,E-3,Also ,CATMA_7C23CC13-B5FE-4F69-AAB7-935F31D614C3,Start,Mhuerten,2025-06-11T12:46:05.095+0200,-399266,,
49,9141,9146,CATMA_B59D7018-8A45-400C-B9FF-5EC37465B8DC,Also ,CATMA_CEB4499C-C725-4EC8-B9A8-BE935C89C9F1,Kirchenverantwortliche,Mhuerten,2025-06-11T12:46:47.528+0200,-2197479,,direkt
50,9146,9220,CATMA_B59D7018-8A45-400C-B9FF-5EC37465B8DC,"wenn R. nur den [Partner] gehabt hätte, hätte ich damit völlig problemlos ",CATMA_CEB4499C-C725-4EC8-B9A8-BE935C89C9F1,Kirchenverantwortliche,Mhuerten,2025-06-11T12:46:47.528+0200,-2197479,,direkt
51,9220,9234,CATMA_B59D7018-8A45-400C-B9FF-5EC37465B8DC,leben können. ,CATMA_CEB4499C-C725-4EC8-B9A8-BE935C89C9F1,Kirchenverantwortliche,Mhuerten,2025-06-11T12:46:47.528+0200,-2197479,,direkt
52,9234,9235,CATMA_982ED410-DE0E-478E-9372-2BEFDC354679, ,CATMA_B1F08B14-5504-41F4-AFCF-E502CDB2EA9D,Liebesbeziehung,Mhuerten,2025-06-11T12:47:58.095+0200,-16039255,,
53,9234,9235,CATMA_B59D7018-8A45-400C-B9FF-5EC37465B8DC, ,CATMA_CEB4499C-C725-4EC8-B9A8-BE935C89C9F1,Kirchenverantwortliche,Mhuerten,2025-06-11T12:46:47.528+0200,-2197479,,direkt
54,9235,9281,CATMA_982ED410-DE0E-478E-9372-2BEFDC354679,"Ich kannte auch Priester, die hatten eine Frau",CATMA_B1F08B14-5504-41F4-AFCF-E502CDB2EA9D,Liebesbeziehung,Mhuerten,2025-06-11T12:47:58.095+0200,-16039255,,
55,9235,9281,CATMA_B59D7018-8A45-400C-B9FF-5EC37465B8DC,"Ich kannte auch Priester, die hatten eine Frau",CATMA_CEB4499C-C725-4EC8-B9A8-BE935C89C9F1,Kirchenverantwortliche,Mhuerten,2025-06-11T12:46:47.528+0200,-2197479,,direkt
56,9235,9281,CATMA_AE0C332C-7DDC-4D7F-B838-3D47960FD1CB,"Ich kannte auch Priester, die hatten eine Frau",CATMA_1374DE64-8337-41B4-A889-4661FF3E56D3,unerheblich,Mhuerten,2025-06-11T12:48:14.166+0200,-3261349,,
57,9281,9282,CATMA_B59D7018-8A45-400C-B9FF-5EC37465B8DC,.,CATMA_CEB4499C-C725-4EC8-B9A8-BE935C89C9F1,Kirchenverantwortliche,Mhuerten,2025-06-11T12:46:47.528+0200,-2197479,,direkt
58,9281,9282,CATMA_AE0C332C-7DDC-4D7F-B838-3D47960FD1CB,.,CATMA_1374DE64-8337-41B4-A889-4661FF3E56D3,unerheblich,Mhuerten,2025-06-11T12:48:14.166+0200,-3261349,,
59,9282,9310,no_annotation_7,“ (Bistumsverantwortlicher) ,,,,,,,
60,9310,9329,CATMA_050265D1-A9F0-41FF-8E94-FEF2C6DA1B81,Solch eine Art von ,CATMA_1374DE64-8337-41B4-A889-4661FF3E56D3,unerheblich,Mhuerten,2025-06-11T12:54:43.023+0200,-3261349,,
61,9329,9345,CATMA_960A3D05-B8CB-448D-8AAF-751BDDD02A8F,Zölibatsverstoß ,CATMA_FF84C8AC-BA1D-4290-AAEB-8100EDC4076E,Zölibatsverstoß,Mhuerten,2025-06-11T12:54:25.155+0200,-9566039,,
62,9329,9345,CATMA_050265D1-A9F0-41FF-8E94-FEF2C6DA1B81,Zölibatsverstoß ,CATMA_1374DE64-8337-41B4-A889-4661FF3E56D3,unerheblich,Mhuerten,2025-06-11T12:54:43.023+0200,-3261349,,
63,9345,9358,CATMA_050265D1-A9F0-41FF-8E94-FEF2C6DA1B81,ist in einer ,CATMA_1374DE64-8337-41B4-A889-4661FF3E56D3,unerheblich,Mhuerten,2025-06-11T12:54:43.023+0200,-3261349,,
64,9358,9435,CATMA_050265D1-A9F0-41FF-8E94-FEF2C6DA1B81,"modernen, toleranten Auslegung mit dem pries- terlichen Leben in Einklang zu ",CATMA_1374DE64-8337-41B4-A889-4661FF3E56D3,unerheblich,Mhuerten,2025-06-11T12:54:43.023+0200,-3261349,,
65,9435,9444,CATMA_050265D1-A9F0-41FF-8E94-FEF2C6DA1B81,bringen. ,CATMA_1374DE64-8337-41B4-A889-4661FF3E56D3,unerheblich,Mhuerten,2025-06-11T12:54:43.023+0200,-3261349,,
66,9444,9515,CATMA_A32AFE46-AAC3-4220-8BE5-59F7FEFC8316,Da diese Art von Sexualität unabhängig von der sexuel- len Orientierung,CATMA_1374DE64-8337-41B4-A889-4661FF3E56D3,unerheblich,Mhuerten,2025-06-11T12:55:16.026+0200,-3261349,,
67,9515,9595,CATMA_A32AFE46-AAC3-4220-8BE5-59F7FEFC8316," auch für das Bistum Essen akzeptabel scheint, muss die Umgebung auch nicht  so ",CATMA_1374DE64-8337-41B4-A889-4661FF3E56D3,unerheblich,Mhuerten,2025-06-11T12:55:16.026+0200,-3261349,,
68,9595,9654,CATMA_A32AFE46-AAC3-4220-8BE5-59F7FEFC8316,krampfhaft wegsehen wie bei unverbrämter „Triebhaftigkeit“.,CATMA_1374DE64-8337-41B4-A889-4661FF3E56D3,unerheblich,Mhuerten,2025-06-11T12:55:16.026+0200,-3261349,,
69,9654,10043,no_annotation_8," „Und vor allem, das ist dann so reduziert auf den leiblichen Moment von Sexualität und hat  im Grunde nicht den Zauber der umfassenden Annäherung von Menschen zueinander, auch  intellektuell, geistig, kognitiv, im Gespräch, in der Wahrnehmung der gesamten Persönlichkeit.  Es ist so reduziert auf das Objekthafte, das ist ja auch jenseits dieser juristischen Fragestellung.“  (Zeitzeug*in",,,,,,,
70,10043,10045,,) ,CATMA_F652635C-A0CC-4F61-A2B4-D163F685F0FF,End,Mhuerten,2025-06-11T12:54:01.204+0200,-9667700,,
71,10045,12907,no_annotation_9,"7.5	 Umgang des Bistums Essen mit dem beschuldigten Priester Chronologische Darstellung der Ereignisse und der Handlungen der Bistumsverantwortlichen Nach der Hausdurchsuchung bei U. E. Ende Dezember 2009 greift die Bistumsspitze schnell und  kompromisslos durch. Die Führungskräfte im Generalvikariat werden teilweise im Weihnachts- urlaub informiert. Am 30.12.2009 findet in der Wohnung des Personaldezernenten ein Treffen  statt, bei dem die Rechtsanwältin des Bistums, der Pressereferent sowie U. E. und dessen Rechts- anwalt anwesend sind. Die Missbrauchsbeauftragte konnte nicht erreicht werden und wurde  durch den Personaldezernenten vertreten.  Letzterer verfasst unmittelbar nach dem Gespräch eine Notiz, in der er sich darüber entsetzt  zeigt, „mit welcher Ungeniertheit E. den ganzen Vorgang geschildert hat. Uns schien alles pein- licher zu sein als ihm selbst.“ Hier hält er bereits fest, dass der Bischof handeln solle und dass E.  auf „sein Kanonikat verzichten“ solle. A. gibt in dem Gespräch an, einen kurdischen Jugendlichen (16 Jahre) mehrmals in einer öf- fentlichen Toilette in Essen angesprochen zu haben, wobei es auch darum ging, ob sich der Junge  für Männer interessiere. Am 27.12.2009 habe E. den Jungen mit zu sich nach Hause genommen,  dort habe es unterschiedliche Handlungen (Streicheln, Küssen) gegeben, jedoch keinen „Oral-  oder Analverkehr“, wie E. betont. Nach 15 bis 20 Minuten habe der Jugendliche das Treffen been- det und E. habe ihm 25,– € gegeben, bevor dieser ging. Als Grund für sein Handeln gibt E. seine  Homosexualität an.  In einem Brief vom 31.12.2009 untersagt Bischof Overbeck E. „bis auf weiteres jeden öffentli- chen Auftritt, vor allem die Feier der heiligen Eucharistie und jeden Gottesdienstes“. Es sei der  Ausgang des weltlichen Verfahrens abzuwarten, wonach die Angelegenheit kirchenrechtlich zu  klären sei. Zu diesem Zeitpunkt war Bischof Overbeck erst seit zwei Monaten im Amt. 

#######################

Seite 231

231 te Strafe, sondern auch die zu diesem Zeitpunkt erlassene Strafe abbüßen müsste.  »	 Im Anschluss an die Urteilsverkündung und Versetzung von Pfarrer D. in das Erzbistum Köln  meldete sich am 02.03.1989 die Mutter eines weiteren, 10 Jahre alten Jungen, der bei Pfarrer  D. in seiner letzten Einsatzstelle im Bistum Münster in der Kommunionsgruppe war an den  Personaldezernenten im Bistum Münster. Sie schildert, wie Pfarrer D. versucht habe, mit  dem Jungen Zeit zu verbringen, ihn zu sich eingeladen habe, mit ihm schwimmen gehen  wollte, etc.. Der Junge sei öfter bei dem häufig nur mit einem Bademantel bekleideten Pfar- rer D. gewesen, der ihm einmal so das „schwimmen beibringen“ wollte, was jedoch durch  überraschenden Besuch unterbunden wurde. Sie bat auch um eine Möglichkeit, Pfarrer D.  kontaktieren zu können. Erzbistum Köln (1989–2002) und Bistum Essen (2002–2015) ",,,,,,,
72,12907,12911,CATMA_894E7CFE-BD67-40F5-9728-D5C058562D99,Die ,CATMA_AAD93480-F647-491D-87E7-7C8CD1C9EF00,Neutralisierung,Mhuerten,2025-06-13T16:15:00.526+0200,-13331762,,
73,12907,12911,E-4,Die ,CATMA_7C23CC13-B5FE-4F69-AAB7-935F31D614C3,Start,Mhuerten,2025-06-13T16:14:19.917+0200,-399266,,
74,12911,12924,CATMA_894E7CFE-BD67-40F5-9728-D5C058562D99,Akten weisen ,CATMA_AAD93480-F647-491D-87E7-7C8CD1C9EF00,Neutralisierung,Mhuerten,2025-06-13T16:15:00.526+0200,-13331762,,
75,12924,13000,CATMA_894E7CFE-BD67-40F5-9728-D5C058562D99,"nicht darauf hin, dass es in dieser Zeit zu weiteren Vorfällen gekommen sei.",CATMA_AAD93480-F647-491D-87E7-7C8CD1C9EF00,Neutralisierung,Mhuerten,2025-06-13T16:15:00.526+0200,-13331762,,
76,13000,13052,no_annotation_10,"  Allerdings stellte sich in den Interviews heraus, ",,,,,,,
77,13052,13057,CATMA_1795A82D-0E9B-4E92-BF22-8DF56AC33FE0,dass ,CATMA_CADBBDE5-1D4C-473B-A28E-C0355B9D1424,Entblößen des eigenen Körpers,Mhuerten,2025-06-13T16:17:21.525+0200,-14102855,,
78,13057,13067,CATMA_DC170E6B-696D-497A-A171-B559F21C071D,Pfarrer D.,CATMA_C5C97E2C-3134-4D0E-B852-01932DB00047,Kleriker,Mhuerten,2025-06-13T16:15:15.585+0200,-7143428,,
79,13057,13067,CATMA_1795A82D-0E9B-4E92-BF22-8DF56AC33FE0,Pfarrer D.,CATMA_CADBBDE5-1D4C-473B-A28E-C0355B9D1424,Entblößen des eigenen Körpers,Mhuerten,2025-06-13T16:17:21.525+0200,-14102855,,
80,13067,13087,CATMA_1795A82D-0E9B-4E92-BF22-8DF56AC33FE0, mehrere Situationen,CATMA_CADBBDE5-1D4C-473B-A28E-C0355B9D1424,Entblößen des eigenen Körpers,Mhuerten,2025-06-13T16:17:21.525+0200,-14102855,,
81,13087,13117,CATMA_1795A82D-0E9B-4E92-BF22-8DF56AC33FE0," forcierte, in  denen er sich ",CATMA_CADBBDE5-1D4C-473B-A28E-C0355B9D1424,Entblößen des eigenen Körpers,Mhuerten,2025-06-13T16:17:21.525+0200,-14102855,,
82,13117,13124,CATMA_1795A82D-0E9B-4E92-BF22-8DF56AC33FE0,Kindern,CATMA_CADBBDE5-1D4C-473B-A28E-C0355B9D1424,Entblößen des eigenen Körpers,Mhuerten,2025-06-13T16:17:21.525+0200,-14102855,,
83,13117,13124,CATMA_2921BCC0-AA03-4889-AC04-50834B7EC08A,Kindern,CATMA_6B79399D-5227-4BAC-87F4-8ACBFC243998,Minderjährigkeit nicht spezifiziert,Mhuerten,2025-06-13T16:15:29.035+0200,-14472051,,
84,13117,13124,CATMA_4C244579-43CF-47D9-8F87-BAD633AAA741,Kindern,CATMA_76B8CB6D-3A64-43A4-9962-48611A6D215E,unklar,Mhuerten,2025-06-13T16:15:47.757+0200,-12849962,,
85,13124,13125,CATMA_1795A82D-0E9B-4E92-BF22-8DF56AC33FE0, ,CATMA_CADBBDE5-1D4C-473B-A28E-C0355B9D1424,Entblößen des eigenen Körpers,Mhuerten,2025-06-13T16:17:21.525+0200,-14102855,,
86,13124,13125,CATMA_4C244579-43CF-47D9-8F87-BAD633AAA741, ,CATMA_76B8CB6D-3A64-43A4-9962-48611A6D215E,unklar,Mhuerten,2025-06-13T16:15:47.757+0200,-12849962,,
87,13125,13129,CATMA_1795A82D-0E9B-4E92-BF22-8DF56AC33FE0,und ,CATMA_CADBBDE5-1D4C-473B-A28E-C0355B9D1424,Entblößen des eigenen Körpers,Mhuerten,2025-06-13T16:17:21.525+0200,-14102855,,
88,13129,13141,CATMA_3D54CC40-8D57-455F-8117-4AF6DCFB8EB0,Erwachsenen ,CATMA_EE521272-8EC0-40AC-968A-7EFB4F8B21F5,erwachsen,Mhuerten,2025-06-13T16:15:41.268+0200,-725551,,
89,13129,13141,CATMA_C51B81EA-0ECF-490B-BC55-AF7CE91D02B2,Erwachsenen ,CATMA_76B8CB6D-3A64-43A4-9962-48611A6D215E,unklar,Mhuerten,2025-06-13T16:15:52.922+0200,-12849962,,
90,13129,13141,CATMA_1795A82D-0E9B-4E92-BF22-8DF56AC33FE0,Erwachsenen ,CATMA_CADBBDE5-1D4C-473B-A28E-C0355B9D1424,Entblößen des eigenen Körpers,Mhuerten,2025-06-13T16:17:21.525+0200,-14102855,,
91,13141,13169,CATMA_1795A82D-0E9B-4E92-BF22-8DF56AC33FE0,gegenüber entblößte. Allein ,CATMA_CADBBDE5-1D4C-473B-A28E-C0355B9D1424,Entblößen des eigenen Körpers,Mhuerten,2025-06-13T16:17:21.525+0200,-14102855,,
92,13169,13250,CATMA_1795A82D-0E9B-4E92-BF22-8DF56AC33FE0,"Situationen wie morgens  nackt die Rollläden im Wohnzimmer zu öffnen, während zu ",CATMA_CADBBDE5-1D4C-473B-A28E-C0355B9D1424,Entblößen des eigenen Körpers,Mhuerten,2025-06-13T16:17:21.525+0200,-14102855,,
93,13250,13265,CATMA_1795A82D-0E9B-4E92-BF22-8DF56AC33FE0,dieser Uhrzeit ,CATMA_CADBBDE5-1D4C-473B-A28E-C0355B9D1424,Entblößen des eigenen Körpers,Mhuerten,2025-06-13T16:17:21.525+0200,-14102855,,
94,13265,13276,CATMA_B2FB8E18-52B9-47B8-8AA6-EB995FD2979B,Schulkinder,CATMA_6B79399D-5227-4BAC-87F4-8ACBFC243998,Minderjährigkeit nicht spezifiziert,Mhuerten,2025-06-13T16:17:34.511+0200,-14472051,,
95,13265,13276,CATMA_1795A82D-0E9B-4E92-BF22-8DF56AC33FE0,Schulkinder,CATMA_CADBBDE5-1D4C-473B-A28E-C0355B9D1424,Entblößen des eigenen Körpers,Mhuerten,2025-06-13T16:17:21.525+0200,-14102855,,
96,13265,13276,CATMA_EB8B9568-9438-451A-B2A9-3C8FB7AFC05F,Schulkinder,CATMA_76B8CB6D-3A64-43A4-9962-48611A6D215E,unklar,Mhuerten,2025-06-13T16:17:40.675+0200,-12849962,,
97,13276,13277,CATMA_B2FB8E18-52B9-47B8-8AA6-EB995FD2979B, ,CATMA_6B79399D-5227-4BAC-87F4-8ACBFC243998,Minderjährigkeit nicht spezifiziert,Mhuerten,2025-06-13T16:17:34.511+0200,-14472051,,
98,13276,13277,CATMA_1795A82D-0E9B-4E92-BF22-8DF56AC33FE0, ,CATMA_CADBBDE5-1D4C-473B-A28E-C0355B9D1424,Entblößen des eigenen Körpers,Mhuerten,2025-06-13T16:17:21.525+0200,-14102855,,
99,13277,13299,CATMA_1795A82D-0E9B-4E92-BF22-8DF56AC33FE0,"am Haus  vorbeilaufen,",CATMA_CADBBDE5-1D4C-473B-A28E-C0355B9D1424,Entblößen des eigenen Körpers,Mhuerten,2025-06-13T16:17:21.525+0200,-14102855,,
100,13299,13335,CATMA_34B68681-1A8C-4AA9-AF6F-915D1E88C6E0, können als Exhibitionismus gedeutet,CATMA_3B3B19B0-7DA0-4893-A328-7CF7A581786E,Missbrauch,Mhuerten,2025-06-13T16:18:23.359+0200,-13239067,,
101,13299,13335,CATMA_1795A82D-0E9B-4E92-BF22-8DF56AC33FE0, können als Exhibitionismus gedeutet,CATMA_CADBBDE5-1D4C-473B-A28E-C0355B9D1424,Entblößen des eigenen Körpers,Mhuerten,2025-06-13T16:17:21.525+0200,-14102855,,
102,13335,13342,CATMA_34B68681-1A8C-4AA9-AF6F-915D1E88C6E0, werden,CATMA_3B3B19B0-7DA0-4893-A328-7CF7A581786E,Missbrauch,Mhuerten,2025-06-13T16:18:23.359+0200,-13239067,,
103,13335,13342,CATMA_1795A82D-0E9B-4E92-BF22-8DF56AC33FE0, werden,CATMA_CADBBDE5-1D4C-473B-A28E-C0355B9D1424,Entblößen des eigenen Körpers,Mhuerten,2025-06-13T16:17:21.525+0200,-14102855,,
104,13342,13384,CATMA_34B68681-1A8C-4AA9-AF6F-915D1E88C6E0,", vor allem dann, wenn, wie sugge- riert, ",CATMA_3B3B19B0-7DA0-4893-A328-7CF7A581786E,Missbrauch,Mhuerten,2025-06-13T16:18:23.359+0200,-13239067,,
105,13384,13391,CATMA_34B68681-1A8C-4AA9-AF6F-915D1E88C6E0,manche ,CATMA_3B3B19B0-7DA0-4893-A328-7CF7A581786E,Missbrauch,Mhuerten,2025-06-13T16:18:23.359+0200,-13239067,,
106,13384,13391,CATMA_F136BD55-E2FD-4A49-B92E-1754F285CBC1,manche ,CATMA_F8DD2F8A-7D68-4E27-A307-A9075DA5D7A5,Abwehr,Mhuerten,2025-06-13T16:19:35.831+0200,-8577267,,
107,13391,13397,CATMA_34B68681-1A8C-4AA9-AF6F-915D1E88C6E0,Kinder,CATMA_3B3B19B0-7DA0-4893-A328-7CF7A581786E,Missbrauch,Mhuerten,2025-06-13T16:18:23.359+0200,-13239067,,
108,13391,13397,CATMA_7F2591C4-D036-4834-86E4-CCE5F9145776,Kinder,CATMA_6B79399D-5227-4BAC-87F4-8ACBFC243998,Minderjährigkeit nicht spezifiziert,Mhuerten,2025-06-13T16:19:21.063+0200,-14472051,,
109,13391,13397,CATMA_F136BD55-E2FD-4A49-B92E-1754F285CBC1,Kinder,CATMA_F8DD2F8A-7D68-4E27-A307-A9075DA5D7A5,Abwehr,Mhuerten,2025-06-13T16:19:35.831+0200,-8577267,,
110,13391,13397,CATMA_61AB8421-8233-40A5-858F-8FF0A5F0BF12,Kinder,CATMA_76B8CB6D-3A64-43A4-9962-48611A6D215E,unklar,Mhuerten,2025-06-13T16:18:36.327+0200,-12849962,,
111,13397,13398,CATMA_34B68681-1A8C-4AA9-AF6F-915D1E88C6E0, ,CATMA_3B3B19B0-7DA0-4893-A328-7CF7A581786E,Missbrauch,Mhuerten,2025-06-13T16:18:23.359+0200,-13239067,,
112,13397,13398,CATMA_F136BD55-E2FD-4A49-B92E-1754F285CBC1, ,CATMA_F8DD2F8A-7D68-4E27-A307-A9075DA5D7A5,Abwehr,Mhuerten,2025-06-13T16:19:35.831+0200,-8577267,,
113,13397,13398,CATMA_61AB8421-8233-40A5-858F-8FF0A5F0BF12, ,CATMA_76B8CB6D-3A64-43A4-9962-48611A6D215E,unklar,Mhuerten,2025-06-13T16:18:36.327+0200,-12849962,,
114,13398,13420,CATMA_34B68681-1A8C-4AA9-AF6F-915D1E88C6E0,bewusst einen anderen ,CATMA_3B3B19B0-7DA0-4893-A328-7CF7A581786E,Missbrauch,Mhuerten,2025-06-13T16:18:23.359+0200,-13239067,,
115,13398,13420,CATMA_F136BD55-E2FD-4A49-B92E-1754F285CBC1,bewusst einen anderen ,CATMA_F8DD2F8A-7D68-4E27-A307-A9075DA5D7A5,Abwehr,Mhuerten,2025-06-13T16:19:35.831+0200,-8577267,,
116,13420,13458,CATMA_34B68681-1A8C-4AA9-AF6F-915D1E88C6E0,Weg wählen und Pfarrer D.s Haus meiden,CATMA_3B3B19B0-7DA0-4893-A328-7CF7A581786E,Missbrauch,Mhuerten,2025-06-13T16:18:23.359+0200,-13239067,,
117,13420,13458,CATMA_F136BD55-E2FD-4A49-B92E-1754F285CBC1,Weg wählen und Pfarrer D.s Haus meiden,CATMA_F8DD2F8A-7D68-4E27-A307-A9075DA5D7A5,Abwehr,Mhuerten,2025-06-13T16:19:35.831+0200,-8577267,,
118,13458,13624,no_annotation_11,". Ein  wertvoller Hinweis, um diese Situation zu interpretieren ist, dass der Pfarrer direkt vor einer  Spielwiese und neben einem Kindergarten und Pfarrhaus gewohnt ",,,,,,,
119,13624,13627,,hat,CATMA_F652635C-A0CC-4F61-A2B4-D163F685F0FF,End,Mhuerten,2025-06-13T16:28:06.788+0200,-9667700,,
120,13627,15643,no_annotation_12,". Auch ein Gutachten des  behandelnden Psychotherapeuten N. aus dem Jahre 1988 besagt, dass Pfarrer D. nach wie vor  über kein hinreichendes Unrechtsbewusstsein im Hinblick auf die erfolgten Straftaten verfügt  und die Verantwortung für seine Handlungen der Kirche oder dem Staat zuschiebt (als Stich- worte werden hier „Aufhebung des Zölibats“ sowie „Straffreiheit für Pädophilie“ genannt). In  Zusammenhang mit der Tatsache, dass Betroffene oft erst nach vielen Jahren ihre Erfahrung mit  sexualisierter Gewalt bekannt machen, kann es durchaus sein, dass in den nächsten Jahren und  Jahrzehnten weitere Meldungen gegen Pfarrer D. erfolgen werden.  8.4	 Kritische Ereignisse, Aufdeckungen und Aufdeckungspotenziale Im Laufe der Zeit gab es zahlreiche kritische Ereignisse und Aufdeckungen. Die Tatsache, dass  Pfarrer D. mehrfach verurteilt wurde und jahrelang in Therapie war, zeigt, dass es nicht an Auf- deckung gefehlt hat. Allerdings haben selbst diese Art der Offenlegung nicht dazu geführt, dass  Kinder und Jugendliche effektiv vor Pfarrer D. geschützt waren. Aus diesem Grund bleibt unklar,  wie viele weitere Aufdeckungspotenziale im Verborgenen bleiben. Da unsere Studie sich auf das  Bistum Essen bezieht, werden an dieser Stelle nur die kritischen Ereignisse, Aufdeckungen und  Aufdeckungspotenziale im Fall D. beleuchtet, die im direkten Zusammenhang mit dem Bistum  Essen stehen.  Kritisches Ereignis 1: Auf einer Geburtstagsfeier erfuhren Gemeindemitglieder aus der Gemeinde M. von einer Be- 

#######################

Seite 298

298 der Problematik, wurde es – fast ausschließlich individuumsbezogen – mit dem schwer zu fas- senden Konzept der „menschlichen Reifung“ oder mit Homosexualität und Zölibat assoziiert.  Insofern fand auch eine folgenschwere Exotisierung des Problems statt, weil der Fokus auf der  Identifikation des perversen sexuellen Missbrauchers lag, der in Gestalt des Priesteramtskandi- daten oder des geweihten Priesters dem Bistum eine Menge Schwierigkeiten bereiten könnte.  ",,,,,,,
121,15643,15649,E-5,Folgt ,CATMA_7C23CC13-B5FE-4F69-AAB7-935F31D614C3,Start,Mhuerten,2025-06-13T16:40:15.728+0200,-399266,,
122,15649,15816,no_annotation_13,"man einzelnen Hinweisen aus den Interviews, so tut eine Erweiterung des Blicks auf se- xualisierte Gewalt im Kontext der Priesterausbildung nach wie vor dringend not: ",,,,,,,
123,15816,15837,CATMA_CBA48403-95DC-41E2-B6A6-3DC233A68F5F,Es ist die Rede  von ,CATMA_841CE011-ADA3-4952-B2D4-B5EB4D515CB0,moralische Verurteilung,Mhuerten,2025-06-13T16:45:16.152+0200,-8773168,,
124,15816,15837,CATMA_8487BD5F-F722-4F45-904E-25478443DD0E,Es ist die Rede  von ,CATMA_EDCD3519-38C9-49EA-B042-3CBB9835B96A,Sprache/Gesten/Aufforderungen,Mhuerten,2025-06-13T16:42:47.376+0200,-8819905,,
125,15837,15921,CATMA_CBA48403-95DC-41E2-B6A6-3DC233A68F5F,"männerbündischen Atmosphären, die anfällig sind für die Verharmlosung von Sexismus  ",CATMA_841CE011-ADA3-4952-B2D4-B5EB4D515CB0,moralische Verurteilung,Mhuerten,2025-06-13T16:45:16.152+0200,-8773168,,
126,15837,15921,CATMA_8487BD5F-F722-4F45-904E-25478443DD0E,"männerbündischen Atmosphären, die anfällig sind für die Verharmlosung von Sexismus  ",CATMA_EDCD3519-38C9-49EA-B042-3CBB9835B96A,Sprache/Gesten/Aufforderungen,Mhuerten,2025-06-13T16:42:47.376+0200,-8819905,,
127,15921,15944,CATMA_CBA48403-95DC-41E2-B6A6-3DC233A68F5F,und Frauenfeindlichkeit,CATMA_841CE011-ADA3-4952-B2D4-B5EB4D515CB0,moralische Verurteilung,Mhuerten,2025-06-13T16:45:16.152+0200,-8773168,,
128,15921,15944,CATMA_8487BD5F-F722-4F45-904E-25478443DD0E,und Frauenfeindlichkeit,CATMA_EDCD3519-38C9-49EA-B042-3CBB9835B96A,Sprache/Gesten/Aufforderungen,Mhuerten,2025-06-13T16:42:47.376+0200,-8819905,,
129,15944,15945,CATMA_8487BD5F-F722-4F45-904E-25478443DD0E, ,CATMA_EDCD3519-38C9-49EA-B042-3CBB9835B96A,Sprache/Gesten/Aufforderungen,Mhuerten,2025-06-13T16:42:47.376+0200,-8819905,,
130,15945,16439,no_annotation_14,"und auch davon, dass Ausbildungskandidaten im Gemeinde- oder Dia- konatsjahr mit Priestern konfrontiert sind, die kein Bewusstsein für eine grenzachtende Sprache  zu haben scheinen. Es geht also nicht nur darum, Schutzkonzepte für Seminarhäuser im enge- ren Sinne zu erarbeiten, sondern Ausbildungskandidaten für Machtstrukturen auch außerhalb  des Seminars zu sensibilisieren und ihnen wirksame Handlungsstrategien gegen sexualisierte  Grenzverletzungen und Übergriffigkeiten zur Verfügung zu ",,,,,,,
131,16439,16446,,stellen,CATMA_F652635C-A0CC-4F61-A2B4-D163F685F0FF,End,Mhuerten,2025-06-13T16:41:59.293+0200,-9667700,,
132,16446,20290,no_annotation_15,".  Auch wenn retrospektive Kausalschlüsse in diesem Feld anfechtbar sind, so ist an dieser Stelle  zu konstatieren, dass eine sich erst in jüngster Zeit etablierende systemische, geschlechterref- lektierte und machtkritische Auffassung von sexualisierter Gewalt im Kontext der Priesteraus- bildungen einen wichtigen Beitrag zur Verhinderung katastrophaler Fehlentwicklungen, wie sie  in den in dieser Studie vorgelegten Fallstudien analysiert wurden, geleistet hätte. Homosexualität Im Jahr 2016 veröffentlichte die römische Kongregation des Klerus ein allgemeines Ausführungs- dekret mit dem Titel „Das Geschenk der Berufung zum Priestertum“. Darin heißt es: „Hinsichtlich  der Personen mit homosexuellen Tendenzen, die in die Seminare eintreten oder die im Verlauf  der Ausbildung diese Veranlagung entdecken, [kann] die Kirche im Einklang mit Ihrem Lehramt  – bei aller Achtung der betroffenen Personen – jene nicht für das Priesteramt und zu den heili- gen Weihen zulassen […], die Homosexualität praktizieren, tiefsitzende homosexuelle Tendenzen  haben oder eine sogenannte „homosexuelle Kultur“ unterstützen. Die genannten Personen be- finden sich nämlich in einer Situation, die sie in schwerwiegender Weise daran hindert, korrekte  Beziehungen zu Männern und Frauen aufzubauen. Die negativen Folgen, die aus der Weihe von  Personen mit tiefsitzenden homosexuellen Tendenzen erwachsen können, sind nicht zu über- sehen25“. Weiter heißt es dort: „Falls es sich jedoch um homosexuelle Tendenzen handelt, die  bloß Ausdruck eines vorübergehenden Problems, wie etwa einer noch nicht abgeschlossenen  Adoleszenz sind, so müssen sie wenigstens drei Jahre vor der Diakonenweihe eindeutig über- wunden sein.“ Die Formulierung „bei aller Achtung der betroffenen Personen“ ist notwendig, weil sich die  traditionelle Haltung der katholischen Kirche gegenüber homosexuellen Menschen durchaus  nicht durch „Achtung“ auszeichnet. Exemplarisch sei hier auf die kirchenrechtliche Instruktion  25	 https://www.lsvd.de/de/ct/958-Vatikan-und-Papst-Katechismus-und-Position-der-roemisch-katholischen-Kirche-zu- Homosexualitaet#berufung-zum-priestertum 

#######################

Seite 309

309 Wieviel Selbstbefriedigung und Pornografie können auf dem Weg zur Priesterweihe akzeptiert  werden?  Offen bleibt auch die Frage, ob diejenigen Personen, die den jungen Männern Orientierungen  zur Sexualität vermitteln sollen, selbst über solche Orientierungen verfügen. Es ist anzunehmen,  dass der unzeitgemäße Dogmatismus der offiziellen katholischen Kirche von Rom über die Deut- sche Bischofskonferenz in die Priesterseminare der einzelnen Bistümer „durchgereicht“ wird,  wo realitätsverträgliche Positionen gefunden werden müssen. Diese Positionen sind immer mit  dem Stigma des Subversiven und Anrüchigen behaftet, da sie von der offiziellen Vorschrift der  „vollkommenen Enthaltsamkeit“ abweichen. Die kulturelle Hypothek der katholischen Homophobie wirkt sich ebenfalls massiv auf den  Umgang von Ausbildungsverantwortlichen mit Priesteramtskandidaten aus, zumal es von Rom  aus nach wie vor explizite Vorschriften in Bezug auf die Zulassung homosexueller, nicht aber  heterosexueller Priester gibt. In unseren Interviews werden sowohl glaubwürdige Beteuerungen,  hier „keinen Unterschied zu machen“ als auch symptomatische Vermischungen von Homosexu- alität und sexualisierter Gewalt geäußert.  In Bezug auf sexualisierte Gewalt entsteht dadurch ein gefährlicher Mangel an Differenzie- rung. Im Wust des Verbotenen und doch irgendwie Geduldeten ist zwar inzwischen auch in der  katholischen Kirche die Figur des pädophilen Priester(anwärter)s zu einer unbedingt rechtzeitig  zu identifizierenden persona non grata geworden, aber damit ist noch keine hinreichende Be- fassung mit den vielfältigen Erscheinungsformen sexualisierter Gewalt gewährleistet. ",,,,,,,
133,20290,20294,E-6,Dazu,CATMA_7C23CC13-B5FE-4F69-AAB7-935F31D614C3,Start,Mhuerten,2025-06-13T16:43:36.383+0200,-399266,,
134,20294,20475,no_annotation_16," passen einzelne Berichte über Fälle von sexualisierter Gewalt innerhalb von Priester- seminaren, die einerseits zu Ausschlüssen von Kandidaten führten, andererseits aber auch als  ",,,,,,,
135,20475,20510,CATMA_083D1352-4F69-4441-8EB4-BDAF53F5FA89,sublimes „Rauschen“ sexualisierter ,CATMA_841CE011-ADA3-4952-B2D4-B5EB4D515CB0,moralische Verurteilung,Mhuerten,2025-06-13T16:45:51.421+0200,-8773168,,
136,20475,20510,CATMA_AAAFCD5E-EF64-46F1-AE5A-2C033300CC23,sublimes „Rauschen“ sexualisierter ,CATMA_EDCD3519-38C9-49EA-B042-3CBB9835B96A,Sprache/Gesten/Aufforderungen,Mhuerten,2025-06-13T16:44:03.837+0200,-8819905,,anzügliche Sprache
137,20510,20592,CATMA_083D1352-4F69-4441-8EB4-BDAF53F5FA89,Übergriffigkeit in solchen Seminaren wahrgenommen wer- den. Die Rede ist hier vor ,CATMA_841CE011-ADA3-4952-B2D4-B5EB4D515CB0,moralische Verurteilung,Mhuerten,2025-06-13T16:45:51.421+0200,-8773168,,
138,20510,20592,CATMA_AAAFCD5E-EF64-46F1-AE5A-2C033300CC23,Übergriffigkeit in solchen Seminaren wahrgenommen wer- den. Die Rede ist hier vor ,CATMA_EDCD3519-38C9-49EA-B042-3CBB9835B96A,Sprache/Gesten/Aufforderungen,Mhuerten,2025-06-13T16:44:03.837+0200,-8819905,,anzügliche Sprache
139,20592,20677,CATMA_083D1352-4F69-4441-8EB4-BDAF53F5FA89,"allem von sexualisierter Sprache, die sich im geschützten Soziotop des  Männerbundes ",CATMA_841CE011-ADA3-4952-B2D4-B5EB4D515CB0,moralische Verurteilung,Mhuerten,2025-06-13T16:45:51.421+0200,-8773168,,
140,20592,20677,CATMA_AAAFCD5E-EF64-46F1-AE5A-2C033300CC23,"allem von sexualisierter Sprache, die sich im geschützten Soziotop des  Männerbundes ",CATMA_EDCD3519-38C9-49EA-B042-3CBB9835B96A,Sprache/Gesten/Aufforderungen,Mhuerten,2025-06-13T16:44:03.837+0200,-8819905,,anzügliche Sprache
141,20677,20747,CATMA_083D1352-4F69-4441-8EB4-BDAF53F5FA89,besonders auch als frauenfeindlich und frauenverachtend manifestieren ,CATMA_841CE011-ADA3-4952-B2D4-B5EB4D515CB0,moralische Verurteilung,Mhuerten,2025-06-13T16:45:51.421+0200,-8773168,,
142,20677,20747,CATMA_AAAFCD5E-EF64-46F1-AE5A-2C033300CC23,besonders auch als frauenfeindlich und frauenverachtend manifestieren ,CATMA_EDCD3519-38C9-49EA-B042-3CBB9835B96A,Sprache/Gesten/Aufforderungen,Mhuerten,2025-06-13T16:44:03.837+0200,-8819905,,anzügliche Sprache
143,20747,20751,CATMA_083D1352-4F69-4441-8EB4-BDAF53F5FA89,kann,CATMA_841CE011-ADA3-4952-B2D4-B5EB4D515CB0,moralische Verurteilung,Mhuerten,2025-06-13T16:45:51.421+0200,-8773168,,
144,20747,20751,,kann,CATMA_F652635C-A0CC-4F61-A2B4-D163F685F0FF,End,Mhuerten,2025-06-13T16:44:29.767+0200,-9667700,,
145,20747,20751,CATMA_AAAFCD5E-EF64-46F1-AE5A-2C033300CC23,kann,CATMA_EDCD3519-38C9-49EA-B042-3CBB9835B96A,Sprache/Gesten/Aufforderungen,Mhuerten,2025-06-13T16:44:03.837+0200,-8819905,,anzügliche Sprache
146,20751,23591,no_annotation_17,".  9.9	 Empfehlungen zur Pristerausbildung Im September 2018 verfasste der für die Ausbildung der Priester des Bistums Essen zuständi- ge Regens des Seminars in Münster – als Reaktionen auf entsprechende Erkenntnisse aus der  MHG-Studie – ein Positionspapier mit Weiterentwicklungsmaßnahmen für die Priesterausbil- dung. Dieses Dokument wird im Folgenden wiedergegeben: A)	 Wir brauchen detaillierte und überprüfbare Standards für die Ausbildungsmodule zur  Förderung der menschlichen Reife und zur Auseinandersetzung der künftigen Priester mit  ihrer Sexualität, die im Blick auf Inhalte, zeitlichen Umfang und Terminierung im Ausbil- dungsverlauf verbindlich festgeschrieben werden.  	 Die MHG-Studie stellt eine Uneinheitlichkeit in der Priesterausbildung an den verschiede- nen Ausbildungsstandorten in Deutschland fest. Niemand wird bestreiten, dass wir uns alle  um eine bestmögliche Ausbildung bemühen wollen. Indem wir Transparenz und Vergleich- barkeit schaffen, können wir unsere Anstrengungen nach innen hin fokussieren und opti- mieren und nach außen besser kommunizieren.  

#######################

Seite 406

406 vor, zum einen durch Meldungen bei den Ansprechpersonen, zum anderen durch Kontaktauf- nahme von Betroffenen mit dem IPP. Die Zustände in den verschiedenen Einrichtungen, die  größtenteils heute nicht mehr existieren, sollten gesondert aufgearbeitet werden. Dies erfordert  je nach Einrichtung die Kooperation mit der Caritas, verschiedenen Orden oder anderen katholi- schen Trägern. Eine solche Aufarbeitung sollte Formen der Gedenkkultur entwickeln, um an das  Leid der ehemaligen Heimkinder angemessen zu erinnern.  Da die Aufarbeitung von sexualisierter Gewalt in pädagogischen Institutionen in erster Linie  auf die Mitarbeit von Betroffenen angewiesen ist, muss ein Klima geschaffen werden, in dem sich  Betroffene motiviert sehen, ihre Gewalterfahrungen dem Bistum mitzuteilen. Dies gilt ebenso  für ehemalige Mitarbeiter*innen und Angehörige von (damaligen) Heimbewohner*innen, die als  Zeitzeug*innen über Wissen im Zusammenhang mit sexualisierter Gewalt in den Einrichtungen  verfügen könnten.  Bei der Durchführung von Aufarbeitungsprojekten zu einzelnen Einrichtungen sind (damali- ge) Betroffene zu beteiligen. Hierbei können neben der Beteiligung an einem Beirat zusätzlich  auch noch andere Formen partizipativer Forschung realisiert werden. Aufgrund der Ergebnisse unserer Studie empfehlen wir eine vertiefende Aufarbeitungsstudie  zum Kinderheim St. Josef in Gelsenkirchen und ggf. zu weiteren pädagogischen Einrichtungen in  Absprache mit den Vorschlägen von Betroffenen. 12.8	 Weitere Empfehlungen In der bisherigen Diskussion zum Thema sexualisierte Gewalt in der katholischen Kirche findet  eine starke Fokussierung auf den Bereich der sexualisierten Gewalt gegenüber Minderjährigen  statt. ",,,,,,,
147,23591,23600,E-7 ,Betroffen,CATMA_7C23CC13-B5FE-4F69-AAB7-935F31D614C3,Start,Mhuerten,2025-06-13T16:46:30.810+0200,-399266,,
148,23600,23604,no_annotation_18, von,,,,,,,
149,23604,23605,CATMA_1DF17867-6BAD-4C01-9E0D-51E25E543267, ,CATMA_B03D4763-9E0C-4E2D-9ACA-DD358DA82669,nicht spezifizierte Taten,Mhuerten,2025-07-04T23:59:59.269+0200,-13101205,,
150,23605,23626,CATMA_1DF17867-6BAD-4C01-9E0D-51E25E543267,sexualisierter Gewalt,CATMA_B03D4763-9E0C-4E2D-9ACA-DD358DA82669,nicht spezifizierte Taten,Mhuerten,2025-07-04T23:59:59.269+0200,-13101205,,
151,23605,23626,CATMA_035EF0CC-A318-4BE3-8D29-CA2F0BA91256,sexualisierter Gewalt,CATMA_3B3B19B0-7DA0-4893-A328-7CF7A581786E,Missbrauch,Mhuerten,2025-06-13T16:47:16.531+0200,-13239067,,
152,23626,23630,no_annotation_19, und,,,,,,,
153,23630,23652,CATMA_E965539E-11B6-4678-A78B-03056DD24236, anderen Gewaltformen ,CATMA_9D8A2C3C-FAFB-49B1-825B-C2911B55A40D,weitere Vorwürfe,Mhuerten,2025-06-13T16:47:47.650+0200,-15715508,,
154,23652,23678,no_annotation_20,sind und waren aber auch  ,,,,,,,
155,23678,23688,CATMA_335BB4FE-926C-4E4A-8191-368801EA5D3B,Erwachsene,CATMA_76B8CB6D-3A64-43A4-9962-48611A6D215E,unklar,Mhuerten,2025-06-13T16:46:50.001+0200,-12849962,,
156,23678,23688,CATMA_B9A93016-CDE2-41AE-905C-3F26CC0016EB,Erwachsene,CATMA_EE521272-8EC0-40AC-968A-7EFB4F8B21F5,erwachsen,Mhuerten,2025-06-13T16:46:56.229+0200,-725551,,
157,23688,23706,no_annotation_21,. Die Thematik der,,,,,,,
158,23706,23728,CATMA_C0E4DA66-9CB3-4873-B172-B3EA52573093, sexualisierten Gewalt,CATMA_B03D4763-9E0C-4E2D-9ACA-DD358DA82669,nicht spezifizierte Taten,Mhuerten,2025-07-05T00:00:15.958+0200,-13101205,,
159,23728,23743,no_annotation_22, im Rahmen der ,,,,,,,
160,23743,23763,CATMA_17AF2D29-DAFC-4FA5-AB6E-DBE567D30E79,Erwachsenenseelsorge,CATMA_4EC5F648-395E-489E-9731-F1CC3CDEE35A,Seelsorge,Mhuerten,2025-06-13T16:48:16.340+0200,-6034776,,
161,23763,24040,no_annotation_23," soll- te nicht ausgeklammert werden. Sinnvoll wäre es, auch hierzu entsprechende Forschungsprojek- te auf dem Weg zu bringen. Darüber hinaus gilt es für den Bereich der (Erwachsenen-) Seelsorge  verbindliche ethische Leitlinien zu erarbeiten, die die Würde und Integrität der ",,,,,,,
162,24040,24054,CATMA_71DDC8EC-5C1C-47FF-ABAC-E8E31573DADD,Hilfesuchenden,CATMA_76B8CB6D-3A64-43A4-9962-48611A6D215E,unklar,Mhuerten,2025-06-13T16:49:35.017+0200,-12849962,,
163,24054,24090,no_annotation_24,"  achten, das Machtgefälle zwischen ",,,,,,,
164,24090,24100,CATMA_4C55C65D-1EF5-46B8-9BAA-DAA3649545CB,Seelsorger,CATMA_F446B7BD-5022-48BD-8C35-F97EBE267AE0,k. A. zum Beschuldigten,Mhuerten,2025-06-13T16:49:18.739+0200,-1029366,,
165,24100,24105,no_annotation_25, und ,,,,,,,
166,24105,24119,CATMA_B0A2A7F7-F5B0-4FC5-AC0A-EF277154B9D4,Hilfesuchenden,CATMA_76B8CB6D-3A64-43A4-9962-48611A6D215E,unklar,Mhuerten,2025-06-13T16:49:43.071+0200,-12849962,,
167,24119,24149,no_annotation_26, klar reflektieren sowie die  ,,,,,,,
168,24149,24229,CATMA_F2F9EB55-949C-4BF1-99F3-4DC5F4817D85,Unvereinbarkeit von Seelsorge und sexuellen Beziehungen (auch unter Erwachsenen),CATMA_3B3B19B0-7DA0-4893-A328-7CF7A581786E,Missbrauch,Mhuerten,2025-06-13T16:48:55.682+0200,-13239067,,
169,24229,24531,no_annotation_27," deutlich  benennen. Eng verbunden mit sexualisierter Gewalt in der Erwachsenenseelsorge ist auch das Thema  geistlicher bzw. spiritueller Missbrauch. Hierauf sollte ein besonderes Augenmerk gelegt werden,  da sich in diesem Feld Klerikalismus und priesterliche Macht in besonderer Weise zum Ausdruck  ",,,,,,,
170,24531,24538,,bringen,CATMA_F652635C-A0CC-4F61-A2B4-D163F685F0FF,End,Mhuerten,2025-06-13T16:50:21.029+0200,-9667700,,
171,24538,26549,no_annotation_28,".  Die Thematik der sexualisierten Gewalt in der Erwachsenenseelsorge sollte entweder in das  Aufgabengebiet der bereits vorhandenen Ansprechpersonen für Verdachtsfälle sexualisierter Ge- walt integriert werden oder es müssten hierfür zusätzliche Ansprechpersonen eingesetzt werden. Auf die Ansprechpersonen für Verdachtsfälle sexualisierter Gewalt soll in regelmäßigen Ab- ständen in den Einrichtungen und Gemeinden des Bistums Essen aufmerksam gemacht werden.  Mitarbeitende des Bistums bzw. von Einrichtungen in katholischer Trägerschaft im Bistum Essen  

#######################

Seite 415

415 Die Priesterausbildung in Essen/Münster muss vor dem Hintergrund des existenzbedrohen- den Priestermangels in Deutschland betrachtet werden. Dieser führte zunächst zur Zusammen- legung entsprechender Ausbildungsinstitutionen und schließlich zur Auslagerung der Priester- ausbildung nach Münster. Ein mit dieser Entwicklung zusammenhängendes augenfälliges Risiko  besteht darin, dass man bei der Aufnahme neuer Ausbildungskandidaten nicht allzu wählerisch  sein könnte. Interessant ist, dass die entsprechende Eignungsprüfung im Laufe der Zeit immer  elaborierter wurde, obwohl es immer weniger Kandidaten gab. In Bezug auf die Auswahl von Ausbildungskandidaten (und somit späteren Priestern) sind  die Verantwortlichen gefordert, mögliche Sexualtäter rechtzeitig zu erkennen und entsprechend  „auszusortieren“. Hier erheben sich ernsthafte, diagnostische Machbarkeitsfragen, die eher mit  einer strukturbezogenen als einer individuumsbezogenen Prävention beantwortet werden kön- nen. Unsere Erhebungen legen nahe, dass Priesterseminare eigenwillige Sozialisationsmilieus bil- den, die das Risiko eines Entwicklungsmoratoriums für junge Männer in sich bergen, weil ihnen  dort wichtige alltagspraktische, soziale und emotionale Bewährungserfahrungen vorenthalten  werden. Der in der Priesterausbildung formulierte Anspruch auf menschliche Reifung kann da- her nur unter erschwerten Bedingungen vollzogen werden. ",,,,,,,
172,26549,26563,E-8,Symptomatisch ,CATMA_7C23CC13-B5FE-4F69-AAB7-935F31D614C3,Start,Mhuerten,2025-06-13T16:52:20.527+0200,-399266,,
173,26563,26675,no_annotation_29,"sind hier männer- bündische Formationen, die zur Reproduktion traditioneller Geschlechtsrollenbilder (inklusive ",,,,,,,
174,26675,26676,CATMA_57AA2876-CE98-444B-BBA3-1959B2080897, ,CATMA_EDCD3519-38C9-49EA-B042-3CBB9835B96A,Sprache/Gesten/Aufforderungen,Mhuerten,2025-06-13T16:52:55.191+0200,-8819905,,anzügliche Sprache
175,26676,26717,CATMA_57AA2876-CE98-444B-BBA3-1959B2080897,sexistischer Abwertungen gegenüber Frauen,CATMA_EDCD3519-38C9-49EA-B042-3CBB9835B96A,Sprache/Gesten/Aufforderungen,Mhuerten,2025-06-13T16:52:55.191+0200,-8819905,,anzügliche Sprache
176,26676,26717,CATMA_59E4D4D5-9D9C-4AD6-8C64-B43051E943DD,sexistischer Abwertungen gegenüber Frauen,CATMA_841CE011-ADA3-4952-B2D4-B5EB4D515CB0,moralische Verurteilung,Mhuerten,2025-06-13T16:53:41.819+0200,-8773168,,
177,26717,26734,no_annotation_30,) beitragen sowie,,,,,,,
178,26734,26767,CATMA_600CF6D5-D881-4DBB-8299-7C454CA33FA3, das Verüben von „Bubenstreichen“,CATMA_9D8A2C3C-FAFB-49B1-825B-C2911B55A40D,weitere Vorwürfe,Mhuerten,2025-07-05T00:00:39.282+0200,-15715508,,
179,26767,26786,no_annotation_31,  als Ausdruck von ,,,,,,,
180,26786,26808,,Entwicklungshemmnissen,CATMA_F652635C-A0CC-4F61-A2B4-D163F685F0FF,End,Mhuerten,2025-06-13T16:54:19.808+0200,-9667700,,
181,26808,28589,no_annotation_32,".  Es besteht das Risiko, dass die im Verlauf der Ausbildungssozialisation entstehenden alltags- praktischen, sozialen und emotionalen Defizite durch die Weihe zum Priester und die damit ver- bundene narzisstische Aufwertung überkompensiert werden. Die „Besonderung“ des Priesters  kann aufgrund des zuvor erlebten Vorenthaltens von Entwicklungspotenzialen dazu führen, dass  er die ihm verliehene Macht kompensatorisch missbraucht und zugleich nur unzureichend auf  die priesterliche Lebenssituation vorbereitet wurde.  Festzustellen ist eine nach wie vor bestehende Sprachverwirrung in Bezug auf die Konzepte „Se- xualität“, „Homosexualität“, „Zölibat“ und „sexualisierte Gewalt“. In dieser reproduziert sich die  oben erwähnte, kulturelle Hypothek, die darin besteht, dass die katholische Kirche eine idiosyn- kratische Bestimmung von erlaubter und unerlaubter Sexualität vornimmt, die im Widerspruch  zu gesellschaftlich längst etablierten Positionen steht. In den Interviews fällt die Verwendung  eines Narratives auf, wonach sich die katholische Kirche an dieser gesellschaftlichen Entwicklung  orientieren müsse – ohne zu sehen, dass es die katholische Kirche selbst war, die mit ihrer Se- xualmoral jahrhundertelang erhebliches menschliches Leid erzeugt hat und dass die erwähnte,  gesellschaftliche Bewegung nicht unwesentlich von dem Versuch motiviert ist, sich von diesem  Leid zu befreien.  Wenn nun in der Priesterausbildung mit erheblichem Aufwand versucht wird, junge Männer  mittels psychologischer und geistlicher Begleitung auf das zölibatäre Leben vorzubereiten, sollte  nicht vergessen werden, dass damit ein schwerwiegendes Problem gelöst werden soll, das sich  die katholische Kirche selbst geschaffen hat und das sie immer wieder aufs Neue reproduziert.  


",,,,,,,
